ISO3,Name,1995,1996,1997,1998,1999,2000,2001,2002,2003,2004,2005,2006,2007,2008,2009,2010,2011,2012,2013,2014
AFG,Afghanistan,-4.63237503205     ,-4.26938435482     ,-3.82646875982     ,-3.5776652658     ,-3.41997461466     ,-3.50913675799     ,-2.90598157279     ,-1.98484176393     ,-0.897096379704     ,-0.490370814652     ,-1.53771049776     ,-2.44671280382     ,-2.63767722321     ,-3.13781268838     ,-3.69704319705     ,-4.39492083018     ,-4.12076927563     ,-4.38111867174     ,-3.81310561824     ,-3.56777640411     
ALB,Albania,2.79939233811     ,1.83091468583     ,3.36649430494     ,2.20902877566     ,0.483767636453     ,-0.145673636178     ,-0.38741746292     ,-0.129938662186     ,-0.407173819775     ,0.31553620891     ,-1.5519922516     ,-1.4993620638     ,-1.2103756349     ,1.10556849736     ,0.984764962869     ,1.60629928885     ,2.0750230722     ,2.57770371118     ,2.99311706653     ,3.06603796275     
DZA,Algeria,-7.06197478716     ,-6.54714894545     ,-6.75084790996     ,-6.80372438964     ,-6.86686237533     ,-6.54457394748     ,-6.70164463975     ,-7.35691552995     ,-7.16886525621     ,-8.29839906502     ,-7.83285116328     ,-7.84626598922     ,-7.67521907379     ,-8.15576651938     ,-8.39864850027     ,-8.63240322365     ,-9.14118970881     ,-9.06994123604     ,-9.24907336622     ,-9.6830945914     
AND,Andorra,,,,,,,,,,,,,,,,,,,,
AGO,Angola,-14.1803181199     ,-14.5727276229     ,-14.985414618     ,-15.2552242056     ,-14.8809712614     ,-14.9815142394     ,-14.3451486743     ,-14.6485560053     ,-13.5825572079     ,-13.2538175696     ,-11.5122795065     ,-12.0104904841     ,-13.3472949289     ,-13.6448228367     ,-13.8455657517     ,-13.3387734766     ,-13.2092836111     ,-12.9488764086     ,-13.2686336473     ,-13.2190373179     
ATG,Antigua and Barbuda,-7.49525325507     ,-7.68831377598     ,-7.75384844454     ,-7.79283728616     ,-7.91902428799     ,-8.10960807365     ,-7.28173807391     ,-7.82795620528     ,-7.9347074841     ,-7.6766096656     ,-8.14870040688     ,-8.25118505423     ,-8.79462412032     ,-8.52122981672     ,-6.69441595636     ,-5.77187445998     ,-6.53172170986     ,-5.77310801804     ,-6.11659441963     ,-8.08885554431     
ARG,Argentina,96.5749962186     ,98.2371259861     ,100.01813357     ,100.785852713     ,102.277125756     ,103.726036729     ,103.607311316     ,103.978731015     ,105.102199576     ,105.670276777     ,106.872273261     ,107.430248621     ,108.191393682     ,108.561508673     ,109.815908507     ,110.929428928     ,111.834355911     ,111.204705782     ,111.385097824     ,110.618733444     
ARM,Armenia,12.5343479626     ,12.3844208202     ,12.2219928719     ,12.5679938593     ,12.7312368676     ,12.3551024817     ,11.6598429089     ,11.9166152619     ,11.6181953337     ,10.6074440729     ,7.6595059401     ,7.05683361848     ,6.44212310319     ,6.95289303177     ,7.91592966667     ,8.38514331287     ,7.49878684897     ,8.09659817923     ,7.78093195224     ,7.45632024728     
AUS,Australia,15.0515026661     ,14.8421678858     ,14.578013136     ,14.2545871029     ,14.0284373856     ,14.0204713954     ,13.9568732397     ,13.8425110596     ,13.7996777879     ,13.3647210363     ,11.6953804755     ,12.2448855172     ,11.946889352     ,11.5634450284     ,10.5523105571     ,10.2910090017     ,10.0608607677     ,9.89468043203     ,10.021509246     ,10.3134145038     
AUT,Austria,12.2003613525     ,12.5253456387     ,12.587164686     ,12.5121311584     ,12.3738963528     ,12.2875285748     ,12.2836083289     ,11.5307932999     ,11.3450892573     ,10.9467507601     ,9.98298770171     ,9.92547425952     ,9.97184069638     ,9.69297518542     ,9.00217039883     ,9.10371522999     ,8.54046120726     ,8.88962173682     ,9.24051874593     ,9.24307415404     
AZE,Azerbaijan,5.05147129799     ,4.9115679202     ,4.96559911676     ,4.42435652941     ,4.01029351676     ,3.0713321726     ,3.23728039748     ,4.44969311944     ,3.79357108005     ,2.27814678759     ,-1.66899092039     ,-4.60739500359     ,-6.39870526395     ,-5.05387891757     ,-5.85633076613     ,-5.98339105689     ,-6.0997118334     ,-6.18387978504     ,-6.22566925978     ,-5.75422504676     
BHS,Bahamas,-6.21626964174     ,-6.44909787482     ,-6.16883484397     ,-6.39957240817     ,-6.78715406216     ,-6.80581534569     ,-6.68354511722     ,-6.23404811622     ,-6.0560623713     ,-5.422236662     ,-5.54037264833     ,-5.77685103285     ,-5.4097308971     ,-4.99623554001     ,-5.44454442696     ,-5.21848701384     ,-5.67847289859     ,-5.5632132186     ,-6.23554152077     ,-6.39502484496     
BHR,Bahrain,-14.6888147555     ,-14.7082030949     ,-14.3834503543     ,-14.1243489668     ,-13.9555714081     ,-13.7851362593     ,-13.0419751946     ,-12.4790716054     ,-13.4030059391     ,-13.0670012956     ,-12.8328495703     ,-13.1741001721     ,-12.5026985946     ,-12.4593424911     ,-12.3983942335     ,-12.370773532     ,-12.2824520998     ,-12.2712475216     ,-12.2722704104     ,-11.938555304     
BGD,Bangladesh,-0.163108547115     ,0.0880773517401     ,0.577523185032     ,0.874069814232     ,0.538974222446     ,0.472114845044     ,0.0531954058169     ,-0.154546682435     ,-0.679295693642     ,-1.5524297185     ,-0.0723766120257     ,0.15968696771     ,-0.132525737776     ,-0.360247782726     ,-0.915939423254     ,-0.892126604826     ,-1.35442556868     ,-1.64718789515     ,-2.00250203317     ,-1.79643702133     
BRB,Barbados,1.64690602029     ,1.6120705711     ,1.41809714584     ,1.42257482989     ,1.37106783945     ,1.87305356281     ,2.21623799429     ,2.69277658822     ,3.30065060625     ,3.97651077692     ,4.07898664222     ,3.46392136188     ,3.9404684807     ,4.10154586279     ,4.20374482635     ,3.83985102374     ,4.05154898505     ,3.82498966993     ,5.29054462455     ,4.78224917052     
BLR,Belarus,7.79058422504     ,8.01098350803     ,7.28818559935     ,7.02210012771     ,6.77533635893     ,6.34946883506     ,6.24854480866     ,5.67304441904     ,6.40058097875     ,4.71396435349     ,3.26723082676     ,2.97449601669     ,3.76957829404     ,4.92901520546     ,6.06650430686     ,5.44749759235     ,5.65731322551     ,6.2549920047     ,6.24780486753     ,6.65003946964     
BEL,Belgium,5.95983206432     ,6.09578163338     ,5.68679458116     ,5.12098243214     ,4.79293241829     ,4.84506628033     ,4.89124917525     ,5.07772554823     ,4.75508194941     ,2.68208191236     ,3.38695519775     ,3.43897044546     ,3.52263936333     ,3.3370946046     ,3.29298153079     ,3.09035668975     ,3.31008844364     ,3.45918871921     ,3.36068233937     ,3.01491977814     
BLZ,Belize,-2.50535213455     ,-1.68073118434     ,-1.43761874797     ,-1.09443770107     ,-1.41965792013     ,-2.22131580191     ,-2.2315923818     ,-2.37322391062     ,-2.51071239827     ,-3.51371859839     ,-3.48425928876     ,-3.77648591495     ,-3.74755057088     ,-3.65154168035     ,-3.29339201816     ,-3.74193960323     ,-3.72946034453     ,-3.32673018525     ,-4.07067891136     ,-4.63662930452     
BEN,Benin,-2.03164123366     ,-1.49017287833     ,-1.48694086758     ,-0.970046614346     ,-0.775577304813     ,-0.767276378196     ,-0.98740326538     ,-1.19449754529     ,-1.15636878083     ,-0.397358359362     ,-0.171999970955     ,0.458859857202     ,0.641649154911     ,-0.196099670599     ,-0.122579900438     ,0.276338639927     ,0.971048065865     ,1.07769584058     ,1.35857278285     ,1.44936492379     
BTN,Bhutan,-2.05668097659     ,-2.14249082936     ,-1.93311855222     ,-1.68050958727     ,-1.95573093251     ,-1.98311392766     ,-2.09603781289     ,-2.93098492344     ,-1.61707298945     ,-0.534925916352     ,-0.0182657833583     ,0.350335082929     ,-1.46052634277     ,-1.88940950128     ,-2.2698529263     ,-3.5345795069     ,-3.72406127405     ,-2.97671529666     ,-1.89683410264     ,-1.63726037052     
BOL,"Bolivia, Plurinational",-2.627779973     ,-2.22329516267     ,-1.6599600575     ,-1.27071952891     ,-1.16727069498     ,-1.32518400157     ,-1.17775511227     ,-1.54701857495     ,-1.67861973085     ,-2.08362796745     ,-3.14399292641     ,-2.80383286693     ,-2.95219639181     ,-3.05755849144     ,-3.26679694189     ,-2.63764943916     ,-2.39657856807     ,-2.82041029085     ,-2.99829533755     ,-3.6090799194     
BIH,Bosnia and Herzegovina,11.1504544731     ,6.02060559157     ,2.57454670456     ,1.72943384662     ,1.65018374934     ,0.76822656155     ,1.24501260467     ,1.03352524169     ,0.870824897641     ,1.95695461525     ,1.18086092011     ,1.03174570435     ,0.474309781312     ,0.409970338805     ,0.656452042389     ,0.51315709086     ,0.523803063815     ,1.14097789455     ,1.91306419677     ,1.83451581198     
BWA,Botswana,-4.51695192515     ,-4.24856840212     ,-4.36811107966     ,-3.97742525407     ,-4.45522331266     ,-4.37972624849     ,-3.99437168815     ,-4.73844704023     ,-3.87063560417     ,-3.62022214408     ,-5.10065525212     ,-5.78286330818     ,-6.3998585758     ,-5.89572032495     ,-6.04550465539     ,-6.37746611352     ,-6.42839774041     ,-5.8572510135     ,-6.12835493073     ,-6.59950916083     
BRA,Brazil,-5.56675249669     ,-5.5472075941     ,-5.40812993244     ,-5.22289770314     ,-4.70386310983     ,-4.65442032725     ,-4.44821973538     ,-4.37142458785     ,-4.3258548779     ,-3.54919362605     ,-2.61469857603     ,-2.45360310693     ,-2.4489309678     ,-2.25578690412     ,-1.22820408084     ,-1.5151321088     ,-2.01812472988     ,-2.11800317435     ,-1.94014810072     ,-1.73580601611     
BRN,Brunei Darussalam,-17.6306719131     ,-17.7286845926     ,-17.8155732708     ,-18.1793765299     ,-18.0031484648     ,-17.9385145174     ,-17.5892070164     ,-17.8802235793     ,-17.1537444956     ,-15.9225205155     ,-16.0230911124     ,-16.226442261     ,-15.189674239     ,-15.3532590887     ,-14.2117815847     ,-14.6193274748     ,-14.2263427937     ,-13.7251599609     ,-13.3775250594     ,-13.8398812588     
BGR,Bulgaria,4.57932902477     ,4.98917682174     ,6.59104625697     ,6.61927415613     ,7.03199290131     ,6.04049266088     ,5.69160304394     ,5.72525975222     ,5.37728938057     ,5.79200484613     ,5.79693595181     ,5.74872251081     ,5.43978715864     ,4.98607510015     ,5.03990033383     ,5.06330736936     ,4.89330532228     ,5.21127128613     ,5.26713899463     ,4.92080769829     
BFA,Burkina Faso,2.31399693394     ,1.98732316426     ,2.24627035354     ,2.21469707089     ,2.44956924512     ,2.91726958342     ,2.92077324439     ,3.03068161432     ,2.90884179271     ,2.20650497772     ,1.78239855407     ,2.23396019147     ,2.66863130278     ,3.03892802341     ,4.25095882579     ,3.46706195258     ,3.3631867217     ,3.03973457773     ,3.0370857034     ,2.68006329251     
BDI,Burundi,-5.10924830065     ,-4.27324323299     ,-3.31078796611     ,-3.1267709698     ,-2.09739650707     ,-0.927030730131     ,-0.404067653155     ,-0.0779734131959     ,0.363016955751     ,-0.838200298258     ,1.21174359645     ,1.52722556944     ,1.52515528684     ,1.19563778667     ,1.34999571747     ,1.15720417057     ,2.22041603397     ,2.62108863629     ,3.35759741372     ,4.022458891     
KHM,Cambodia,0.141546486861     ,-0.208696194192     ,-0.144194032579     ,0.181159701748     ,0.380526541497     ,0.553111852189     ,-0.0191586939653     ,-0.110357665173     ,-0.638396961091     ,-0.623736409615     ,0.232716258135     ,-0.933470010944     ,-1.27071042444     ,-0.0901685880345     ,-0.214428977338     ,0.16375828844     ,0.439927405398     ,0.43505586195     ,0.648056530813     ,0.425466306199     
CMR,Cameroon,-4.24011631066     ,-3.80269361437     ,-3.33309251129     ,-2.81808492372     ,-2.60566120833     ,-2.62910693978     ,-2.94285947132     ,-3.07808636283     ,-2.46765099556     ,-1.81295899749     ,-0.70097949876     ,-0.520021824475     ,-0.391175838568     ,-0.682314420835     ,-0.125559344111     ,0.314449808461     ,0.751596654026     ,0.566910077581     ,0.489909081633     ,-0.102443609147     
CAN,Canada,14.4294185936     ,14.4516295061     ,14.6856130947     ,14.0453035131     ,13.9413701869     ,13.6945212381     ,13.430463441     ,13.0138287413     ,12.8684010361     ,12.8986906903     ,12.0365997453     ,12.5321379346     ,12.0757293629     ,11.7381376421     ,10.84488118     ,10.3239362677     ,9.8373168967     ,9.53785136388     ,9.20182600968     ,9.22813617923     
CPV,Cape Verde,0.520178783222     ,0.846524869055     ,-0.123287753165     ,-0.276360015357     ,-0.487569655911     ,-0.820640133684     ,-1.28443758496     ,-1.72469925444     ,-1.37857094421     ,-1.66865462848     ,-1.53557870682     ,-0.813325774592     ,-1.36946957301     ,-0.652139040989     ,0.128621602691     ,0.845559962188     ,1.38255944085     ,0.516781966905     ,0.86890264114     ,0.970632120028     
CAF,Central African Republ,-1.08786505708     ,-0.281372352645     ,0.77256340273     ,0.529903220754     ,-0.00171760045331     ,0.567226311733     ,0.56030478621     ,0.353312654447     ,0.575901362686     ,1.03766348631     ,0.58547174137     ,0.109685667481     ,-0.159209223027     ,0.23195686466     ,-0.363932245711     ,0.178394886601     ,0.729146237787     ,0.21166853937     ,4.03180002868     ,3.33478678663     
TCD,Chad,-6.10079257567     ,-5.49239720941     ,-4.79531186749     ,-5.18113150733     ,-4.37118892434     ,-3.59332241925     ,-4.47432112297     ,-4.53776780502     ,-6.15633932097     ,-7.07538683778     ,-8.28738089768     ,-8.396607485     ,-8.37201402111     ,-8.69688754133     ,-8.50520496711     ,-9.10849843993     ,-8.51017089101     ,-8.69002040232     ,-8.88136270672     ,-9.14300989997     
CHL,Chile,3.92253200643     ,3.65649619325     ,3.07832608695     ,2.73612258232     ,3.32220616856     ,3.66605333247     ,4.09857220188     ,4.46926313689     ,3.98245497709     ,4.61572529984     ,6.3515659898     ,5.99938393023     ,5.78278956698     ,5.68640634131     ,5.70607335221     ,6.38316550424     ,6.98276581051     ,6.63790402667     ,5.92392670229     ,5.98504933403     
CHN,China,10.24183702     ,10.1365779573     ,9.87156088399     ,9.48283698097     ,9.11520460889     ,9.18605546069     ,8.58048858882     ,8.10153133291     ,7.71201886391     ,7.21416971213     ,5.45009995501     ,5.88079053439     ,5.66271178869     ,6.02315332489     ,5.50668440038     ,5.73807374961     ,5.13964785028     ,4.8512378868     ,4.35725073259     ,4.49459970584     
COL,Colombia,-3.72595870625     ,-3.66380892965     ,-3.47750105687     ,-2.76659854789     ,-2.16565572411     ,-2.2710367013     ,-2.13848663596     ,-2.09286167382     ,-2.37857973873     ,-1.29176571271     ,-1.50945066168     ,-1.56973248381     ,-1.29777977355     ,-0.705736580974     ,-0.791445068487     ,-0.413507906013     ,0.148138140428     ,-0.263319930323     ,-0.219813438496     ,0.306200042647     
COM,Comoros,-1.51228312833     ,-0.790050743422     ,-0.783806239039     ,-0.62011770105     ,-0.564060439964     ,-0.269894450561     ,-0.27393570533     ,0.152621261556     ,-0.822658808952     ,-0.318987157554     ,-0.145249213779     ,0.615326034346     ,0.490790303049     ,0.445933636412     ,0.665295921466     ,1.00716518064     ,1.7128955608     ,2.1455505689     ,3.46245895051     ,3.60394633018     
COG,Congo,-14.8832506769     ,-14.4717913359     ,-14.3850410495     ,-14.6301566792     ,-13.624625673     ,-13.3905315998     ,-13.6059791504     ,-13.9078356166     ,-13.3814941849     ,-13.1259551746     ,-14.0694744861     ,-13.9053785496     ,-12.9957458906     ,-12.6129341756     ,-13.5278156729     ,-13.3812575799     ,-13.5960651345     ,-13.6143592673     ,-13.4654867095     ,-13.1418242834     
COD,"Congo, the Democratic ",-2.67083310696     ,-1.95940695545     ,-1.4377170227     ,-1.00667620737     ,0.347777367064     ,2.0089541912     ,3.251351977     ,4.06347852341     ,3.19292215661     ,3.04331693436     ,3.94337686048     ,3.39831593472     ,3.82498476105     ,3.98184141276     ,3.80213307341     ,3.97072149956     ,3.68102314132     ,3.39936251603     ,3.71739920706     ,3.68126850653     
CRI,Costa Rica,-0.339033830034     ,-0.191373407403     ,0.188748639272     ,0.15174029737     ,-0.370762255212     ,-0.5204501925     ,-0.629255218013     ,-0.633811745378     ,-0.841775351365     ,-0.446561194492     ,-0.480424453381     ,-1.25658646249     ,-1.13337852697     ,-1.18878270842     ,-0.346159851912     ,-0.387948206017     ,-0.448435259455     ,0.143284390526     ,0.480430613257     ,0.431103408788     
CIV,Cote d'Ivoire,-2.03543112541     ,-2.06734705416     ,-2.31885278645     ,-2.83028110101     ,-3.56758405193     ,-3.99159235713     ,-4.15184175254     ,-4.2715684265     ,-4.35118618984     ,-4.72458178371     ,-5.26713699452     ,-3.86397603873     ,-4.35262866842     ,-4.36878829361     ,-4.22154976234     ,-4.00618340721     ,-2.65679227461     ,-2.87714952632     ,-2.07085548566     ,-1.08079525435     
HRV,Croatia,0.382107814565     ,-0.188366042925     ,-0.382049343404     ,-0.176335099014     ,0.42622743074     ,0.590511838362     ,0.982351725341     ,1.0899909069     ,1.33493020971     ,0.782313675333     ,-0.103580142583     ,-0.265803864558     ,0.367053467892     ,0.115814425354     ,0.780399499544     ,1.31718502162     ,1.33168992648     ,1.58509055114     ,2.14332047125     ,2.25699478284     
CUB,Cuba,-9.33250945901     ,-9.90055669612     ,-10.0927922985     ,-10.1627782862     ,-9.45826725731     ,-9.51954634501     ,-9.50623710911     ,-9.39504971744     ,-9.48644506281     ,-7.26394487234     ,-7.02266298784     ,-6.86651875487     ,-7.61298548538     ,-8.25583826043     ,-9.19758588062     ,-9.43697047561     ,-9.91482631827     ,-11.0587144988     ,-13.2695182725     ,-12.7343441126     
CYP,Cyprus,1.64539953651     ,1.689818409     ,1.39361102419     ,0.919306502534     ,0.767764517012     ,0.169298904059     ,-0.0922629615988     ,-0.147291542411     ,0.458945351958     ,0.42538726361     ,0.338332065243     ,0.471632767122     ,0.40355693243     ,1.24906057436     ,1.03028648704     ,1.16462515051     ,1.32916234523     ,1.98334701972     ,1.75477054385     ,2.10273450353     
CZE,Czech Republic,4.54729804808     ,4.21476992186     ,4.17210044089     ,4.21518212764     ,3.51986621721     ,2.77976647995     ,3.34565136718     ,4.02935518228     ,4.14055669607     ,5.60681054907     ,6.2910288758     ,6.27208028037     ,6.15742474726     ,6.06040252806     ,5.99710376609     ,6.95169027417     ,6.8546045925     ,6.88733455003     ,7.17428081903     ,7.58373292294     
DNK,Denmark,14.0401797483     ,13.9638804356     ,14.1501989986     ,14.1812999323     ,14.1645051044     ,13.9808567621     ,13.9703931279     ,14.1798040326     ,14.5031848115     ,14.1502511162     ,14.8872231949     ,15.1726446958     ,15.1714898679     ,14.6259162395     ,14.3278219932     ,14.2661892579     ,14.1995730453     ,13.8637187767     ,13.7436367698     ,13.5619713576     
DJI,Djibouti,-5.87399776607     ,-5.0397461887     ,-4.76372108494     ,-4.82318900963     ,-4.33777508631     ,-3.6208371493     ,-2.90738931086     ,-3.27403247238     ,-3.13957397116     ,-2.02468797553     ,-3.18699726913     ,-3.31977625096     ,-2.7481423606     ,-2.7507679703     ,-3.18327716828     ,-3.51038652552     ,-3.74769167633     ,-4.04337684751     ,-3.83857589657     ,-4.67396561292     
DMA,Dominica,4.65435142353     ,4.32436533497     ,3.75044564544     ,3.23696177619     ,3.25464078889     ,3.14918946404     ,4.22500069679     ,5.48222581305     ,5.90988970911     ,6.89748875714     ,7.72786489908     ,7.9159064134     ,8.29712008877     ,7.63450355458     ,7.26339737712     ,8.11490693131     ,7.9855285067     ,8.43184650223     ,8.05256434502     ,7.66440811305     
DOM,Dominican Republic,-4.43334604699     ,-4.69084366215     ,-5.38829693741     ,-5.93893624734     ,-6.10369260165     ,-6.03922220541     ,-5.67072735545     ,-6.18347577165     ,-6.83972476773     ,-5.82358484787     ,-5.74685720665     ,-5.99829248225     ,-5.85381610827     ,-5.02106765102     ,-4.32490153992     ,-5.38139278256     ,-5.4599357798     ,-4.81128299592     ,-5.4356424184     ,-5.36712854532     
ECU,Ecuador,-8.12061903715     ,-8.13000953237     ,-8.15687911799     ,-7.95886496237     ,-7.99476687013     ,-7.88468870086     ,-8.29035335735     ,-8.36879259896     ,-7.80063198657     ,-6.96644683226     ,-5.94532388175     ,-6.34580601047     ,-6.20597557588     ,-6.25045014256     ,-6.22233965538     ,-5.69871883874     ,-5.93982827108     ,-6.13657782476     ,-5.49910825785     ,-5.9552740517     
EGY,Egypt,-3.29551792384     ,-3.38064505184     ,-3.6412514278     ,-3.49674546308     ,-3.61393636301     ,-3.74802914857     ,-4.07754292504     ,-4.22624328526     ,-4.83811543098     ,-4.68846877662     ,-4.49836248477     ,-5.22032449944     ,-3.73593988995     ,-3.58481796186     ,-2.91366308307     ,-3.08525763385     ,-3.9404580713     ,-3.65757944028     ,-4.07218790687     ,-3.98856900123     
SLV,El Salvador,-5.83360643441     ,-5.78486683918     ,-5.75721351605     ,-5.47095937517     ,-5.0726119653     ,-5.16941653427     ,-5.41809596868     ,-5.48258931365     ,-5.5111279035     ,-2.9905414666     ,-3.6147320068     ,-3.5860600241     ,-3.1493077631     ,-2.54489709263     ,-2.87163326333     ,-2.39687580419     ,-2.2098081473     ,-2.26849481642     ,-2.15436633941     ,-2.20320069701     
GNQ,Equatorial Guinea,-0.23656446737     ,-3.93991787849     ,-11.6583548064     ,-14.094507674     ,-16.0874428579     ,-16.9393295644     ,-21.2168650121     ,-22.7023538434     ,-22.3641477242     ,-24.838110349     ,-26.0999651994     ,-24.7586721767     ,-25.6575076673     ,-26.5926727599     ,-25.7436952396     ,-25.3317575136     ,-25.1719079568     ,-25.1859235726     ,-23.7358889996     ,-23.707519751     
ERI,Eritrea,-9.19712005799     ,-9.79021700738     ,-8.53844505146     ,-8.60814175616     ,-8.72174630203     ,-8.36109375637     ,-8.6789276386     ,-8.48362303696     ,-8.90141309297     ,-9.00216855451     ,-8.6944660075     ,-8.83720107421     ,-9.25172253856     ,-7.78598135229     ,-8.04215870605     ,-8.29013726449     ,-8.85437726766     ,-9.04637315222     ,-9.62148206935     ,-9.80110326525     
EST,Estonia,7.40407725484     ,7.53370160058     ,7.0601552906     ,6.3049688434     ,6.46286902804     ,6.71556096989     ,6.54860229077     ,6.15990110404     ,5.92401121165     ,7.57547831666     ,7.87781607291     ,8.05056841965     ,8.40063222085     ,8.39476693209     ,9.13213097207     ,8.89521003981     ,7.64750808572     ,6.69255484599     ,7.0676471596     ,7.45862753038     
ETH,Ethiopia,8.83416176027     ,8.73108995642     ,9.84463038247     ,11.3733010241     ,11.5027421985     ,11.345037784     ,10.6765363338     ,11.4557450526     ,11.3943614295     ,10.2956090746     ,8.36097695027     ,8.18558008001     ,7.54302621328     ,6.66292917424     ,6.14307131396     ,5.56604827773     ,4.96361352898     ,4.36855755212     ,4.58689001061     ,4.41087274757     
FJI,Fiji,-0.987372335804     ,-0.717019577794     ,-0.577830829592     ,-0.812505155037     ,-2.48022551499     ,-2.90109409184     ,-2.51876302759     ,-2.10362706611     ,-1.78670468088     ,-1.24362298058     ,0.361670182688     ,0.55790520613     ,0.797867592437     ,0.450102303758     ,-0.749316000501     ,-0.729406855275     ,-0.408014794832     ,-0.735855938882     ,-1.96659222209     ,-1.20776419468     
FIN,Finland,18.3004032224     ,18.0701894023     ,17.768537239     ,17.3620057111     ,17.1691771227     ,16.6401963486     ,16.5056024685     ,16.3029579093     ,16.2031902456     ,15.7503945625     ,14.5345714974     ,14.3898679159     ,13.6786334186     ,13.3948473422     ,13.6743779987     ,13.3538992723     ,13.2378746876     ,13.3131576358     ,13.0815318376     ,12.9167756534     
FRA,France,10.9819652381     ,11.1413946879     ,11.0837556921     ,10.8247225351     ,10.7582639203     ,10.5827007337     ,10.1923954575     ,9.76171234496     ,9.64159720943     ,8.89674587175     ,8.38370414932     ,9.50371659356     ,9.72300348128     ,9.56604653836     ,9.04104224207     ,9.62507659122     ,9.0537099505     ,8.71376185886     ,8.90387706227     ,8.94212838304     
GAB,Gabon,-16.0171885403     ,-15.545981294     ,-15.4679386885     ,-15.2117619331     ,-14.1414229858     ,-13.1131508435     ,-13.3711799262     ,-13.3071867244     ,-12.6922207467     ,-13.1072036157     ,-12.9041910874     ,-12.8988789785     ,-13.3044528971     ,-13.4182783556     ,-13.1657490914     ,-13.0567348898     ,-12.7278326224     ,-12.8229733069     ,-12.8852810421     ,-13.1345363987     
GMB,Gambia,0.0542283356658     ,0.351040131522     ,0.752409537815     ,1.32112763266     ,0.732293863582     ,0.628493375869     ,0.763231404415     ,1.06711765448     ,1.12363142166     ,0.399495230024     ,0.0599862661979     ,1.06570312897     ,0.893538884212     ,0.569219258045     ,0.552213253156     ,-0.265883891463     ,0.76036723845     ,0.605339725655     ,0.351008780242     ,0.744652423199     
GEO,Georgia,7.57543513927     ,6.82481228819     ,6.61207347877     ,6.62604756141     ,6.62200198613     ,6.94750793761     ,6.17004264383     ,4.91047141251     ,4.98264499495     ,5.78830069195     ,5.06140985845     ,6.65679137797     ,7.33153442977     ,7.438412936     ,7.96380274825     ,8.58393502922     ,8.35167155953     ,8.63371214471     ,8.90512447179     ,9.31613417146     
DEU,Germany,14.1557313625     ,14.1045803498     ,14.0081369439     ,13.9171885382     ,13.8552977273     ,13.8004707682     ,13.5452580382     ,13.490358735     ,13.1241926105     ,13.150867141     ,13.3870040485     ,13.5205738085     ,13.4657926342     ,12.7738744823     ,12.9267978846     ,12.3396047183     ,11.7499557058     ,11.5927354823     ,11.8443561786     ,11.8875104131     
GHA,Ghana,2.87427475499     ,3.09237885447     ,3.24342573832     ,3.12195277594     ,3.40898704118     ,3.35651244661     ,2.76815786756     ,2.55851289102     ,3.02425187061     ,2.60093908251     ,4.12761311628     ,4.78904033832     ,5.06243831778     ,5.00780394297     ,5.31277513725     ,5.31756259095     ,5.21432201945     ,5.10814311041     ,4.25112654034     ,3.86443831925     
GRC,Greece,-0.481193436805     ,-0.383420115326     ,-0.0684969252337     ,0.13408686371     ,0.140428300659     ,0.282119656432     ,0.380744640678     ,0.543547539431     ,0.730338488476     ,-0.218397862722     ,0.55619415454     ,0.0880845864245     ,-0.0334807592901     ,0.0368110159985     ,-0.528441233793     ,-0.985817099396     ,-0.332611897123     ,0.452769627069     ,2.09409551054     ,1.95386309794     
GRD,Grenada,3.22986192625     ,3.12820238309     ,2.95339661675     ,2.55564254955     ,1.72897752066     ,1.56058028071     ,1.86792712443     ,1.76370429378     ,1.85950975156     ,1.8813846692     ,0.588181250392     ,1.10102531317     ,0.576052440117     ,0.535611702374     ,1.66541059973     ,2.30707360401     ,2.10784922798     ,2.70936402101     ,2.39167254445     ,2.08426563529     
GTM,Guatemala,-8.12756009609     ,-8.09344093428     ,-7.598490332     ,-7.2634598056     ,-7.01505899216     ,-7.0286046249     ,-7.26237971033     ,-7.57739629936     ,-7.66783798491     ,-5.70512712761     ,-7.10718529359     ,-6.49072575243     ,-6.25147125057     ,-5.81459094193     ,-4.61376674979     ,-4.29579266799     ,-4.28488209108     ,-4.21180401854     ,-3.49235237445     ,-3.82604554409     
GIN,Guinea,0.898609882595     ,1.25808453721     ,1.81932204632     ,2.25733698126     ,1.45677487211     ,0.603335496924     ,0.896558734655     ,1.70580800163     ,1.63361156644     ,1.5740040623     ,0.844978027475     ,-0.193440093075     ,-0.379642402055     ,0.387095193898     ,1.05055832704     ,1.03768422025     ,2.63422421117     ,3.62899525726     ,4.10897009254     ,4.68615265575     
GNB,Guinea-Bissau,-7.3210903676     ,-8.99755202863     ,-9.39980697081     ,-6.25704143459     ,-4.34526910881     ,-4.04945489449     ,-2.80605336125     ,-2.89292507352     ,-2.41231129629     ,-2.53764516937     ,-2.70070119592     ,-2.1114636679     ,-2.1346597856     ,-2.33548316682     ,-2.69043714893     ,-2.93603159857     ,-2.40659753894     ,-2.07538995532     ,-0.625083917604     ,-0.606927184705     
GUY,Guyana,-4.98856369595     ,-5.1650320062     ,-4.9783788103     ,-4.40108229962     ,-4.95596714735     ,-5.1267264067     ,-5.24493380551     ,-5.57151237989     ,-5.33405299978     ,-6.10317831074     ,-4.99869574642     ,-4.22037923681     ,-4.09613636463     ,-3.98449699406     ,-4.85215915218     ,-4.65168566371     ,-4.80930343476     ,-4.92741765354     ,-5.54021836189     ,-5.57784232001     
HTI,Haiti,-8.15324739007     ,-7.20679368139     ,-7.52632161921     ,-7.18304113011     ,-6.45449384564     ,-5.9195711022     ,-6.06948727809     ,-6.41877617403     ,-6.1007051398     ,-6.19453344109     ,-5.16823381923     ,-4.30753001942     ,-4.11609773815     ,-3.98888486658     ,-3.35553475096     ,-2.73929488919     ,-2.97177400739     ,-2.72903268714     ,-2.2533026431     ,-2.53959617042     
HND,Honduras,-5.3266472887     ,-5.19870661063     ,-4.35616831737     ,-4.06257570103     ,-4.08894271144     ,-3.52016285257     ,-4.05639572423     ,-4.39274431441     ,-4.43046243206     ,-2.56923072011     ,-3.04081275938     ,-2.88781309135     ,-1.47213462228     ,-1.87579080305     ,-1.12350623863     ,-1.505371168     ,-1.85864585773     ,-1.56343757777     ,-1.7055830874     ,-1.81316627807     
HUN,Hungary,6.85302970888     ,6.46090822993     ,6.39142457252     ,6.39081647909     ,6.12187037678     ,6.11636305239     ,6.37310843765     ,6.32234967457     ,5.6536576046     ,4.67012712172     ,4.33952596096     ,5.27328235108     ,5.07390951488     ,4.87640050417     ,4.0197930953     ,3.76166755702     ,3.33141679159     ,3.27797295501     ,2.7405238647     ,2.28900148976     
ISL,Iceland,10.0657453901     ,9.69139432848     ,10.2407016763     ,11.5817530799     ,11.5620757373     ,13.0288007656     ,12.8179343353     ,14.6600300274     ,14.5384803219     ,15.3146470981     ,12.4848086692     ,12.4242814223     ,12.791562482     ,12.1512978889     ,11.8237294972     ,11.2832805292     ,11.0321654788     ,10.1499883941     ,9.51842488032     ,9.34140503195     
IND,India,-0.0430090953976     ,0.0240919291144     ,0.281325285399     ,0.247031928288     ,-0.0110584922919     ,0.314216539263     ,-0.160493128213     ,-0.363595493208     ,-0.846909071499     ,-0.27562360714     ,0.46803891912     ,0.484405142278     ,0.123453067575     ,-0.0765162665011     ,-0.942152553252     ,-1.13328298534     ,-0.929388403897     ,-1.28049382288     ,-1.92893866559     ,-2.03239713566     
IDN,Indonesia,-5.54050011381     ,-5.90368816992     ,-6.3735123984     ,-5.78218968039     ,-5.54172257337     ,-5.5999154906     ,-5.79534030571     ,-6.46835600118     ,-7.26340647074     ,-5.75717473281     ,-3.89976784166     ,-3.58081608185     ,-2.53967029717     ,-2.34120716078     ,-2.57864542816     ,-2.89508649717     ,-2.98629424539     ,-2.74774523063     ,-2.85671424947     ,-2.68422619771     
IRN,"Iran, Islamic Republic",-6.15786471468     ,-6.30542028093     ,-6.42790719241     ,-6.29318504305     ,-6.22599911237     ,-6.33061252602     ,-5.93760104477     ,-5.91861767735     ,-5.81351133436     ,-6.00981223724     ,-6.90065385443     ,-7.04734342715     ,-6.01204951994     ,-4.90336166815     ,-6.77956140846     ,-7.2456837502     ,-6.75407780886     ,-5.3734611963     ,-4.43402870827     ,-3.87351239094     
IRQ,Iraq,-10.775064866     ,-11.1781052897     ,-12.8024991624     ,-16.2376790888     ,-17.3552733934     ,-17.8372842771     ,-17.523536779     ,-15.5885032064     ,-10.9618765507     ,-15.6784040319     ,-14.1489154719     ,-15.7307146329     ,-15.0593993889     ,-15.2284953764     ,-14.4838635006     ,-14.74704032     ,-15.1050288931     ,-15.9757143508     ,-15.7627176292     ,-15.4122128917     
IRL,Ireland,12.497218055     ,11.7771028594     ,11.1685103338     ,10.9173637401     ,10.40012785     ,9.9816286114     ,9.65790736398     ,9.07365768728     ,8.4993514082     ,7.19028686738     ,7.7228481819     ,8.49139390123     ,8.46926189911     ,8.92182518764     ,7.95696662291     ,7.22661666206     ,5.51007283276     ,5.43871407781     ,4.92766131955     ,5.30352694362     
ISR,Israel,5.82951692379     ,5.47896796552     ,5.65835827977     ,5.41828425309     ,5.3203846371     ,5.01173260244     ,4.57926035849     ,4.5118471906     ,4.75647130947     ,3.86264813781     ,4.79809870141     ,4.13023967224     ,4.77004722982     ,3.9208968007     ,2.30972444177     ,2.4751318305     ,2.20483012804     ,1.92191477592     ,1.1445148392     ,1.1427784683     
ITA,Italy,0.624611518219     ,0.286320349712     ,0.228347572339     ,0.17127588725     ,0.139321285091     ,0.508006280763     ,0.413161165785     ,0.253917372136     ,0.18954257112     ,2.93991124962     ,3.23971198709     ,3.32496135648     ,2.87875210413     ,2.61575969702     ,1.97433339475     ,1.41936288506     ,1.12967569793     ,1.12981852534     ,1.73135665623     ,1.89729017761     
JAM,Jamaica,-1.14738315078     ,-0.31462842459     ,-0.135966049095     ,0.118103725146     ,0.0143711465289     ,-0.448608529059     ,-1.61882327394     ,-0.0976106351411     ,-0.161861216853     ,-1.385569608     ,-2.16384631972     ,-1.87957002426     ,-1.76788948598     ,-1.50989962343     ,-1.78958622034     ,-1.14106722292     ,-0.981821509548     ,-0.726792541758     ,-1.03678521318     ,-0.126271316618     
JPN,Japan,7.28941026864     ,7.26461284459     ,7.24981680265     ,7.59361095166     ,7.82038741375     ,7.95492216091     ,7.6555961065     ,7.2796421337     ,7.91098866526     ,8.28318196799     ,8.34358970954     ,8.84111208197     ,8.16212176893     ,7.77627749249     ,8.23614927575     ,7.64062051758     ,8.11602098739     ,8.1756323653     ,7.96687648856     ,8.04154029259     
JOR,Jordan,-3.47132225711     ,-3.19749780194     ,-2.63297988795     ,-2.31272138403     ,-2.20045214319     ,-2.46817184168     ,-3.01955393297     ,-3.48631401215     ,-2.37697992645     ,-2.09758203119     ,-0.836203861983     ,-1.79562526494     ,-1.04673817008     ,-2.05009223947     ,-2.37679520721     ,-2.90933851775     ,-2.92492618149     ,-2.68549043783     ,-2.53313531535     ,-2.49187386779     
KAZ,Kazakhstan,3.43397258256     ,3.38039227333     ,3.82150415522     ,4.50506631597     ,4.1039412126     ,3.35263791626     ,3.15515157873     ,2.66446683658     ,2.63237317866     ,1.07019365912     ,0.53801617746     ,0.381188672849     ,0.462002367764     ,1.1161773726     ,1.4419133857     ,1.83093316769     ,1.64820280505     ,1.59707274107     ,1.47649241513     ,1.87737290077     
KEN,Kenya,-1.22163876105     ,-1.24339799408     ,-1.24110154961     ,-0.938710204267     ,-0.647965095653     ,-0.134607960064     ,-0.300105042307     ,0.107429874183     ,0.504230077517     ,0.984652274309     ,0.07412140614     ,0.192751610192     ,-0.478380229292     ,-0.389896078291     ,-2.05032411542     ,-1.61448195415     ,-2.75032757346     ,-3.03157214805     ,-3.42136741915     ,-3.20808579989     
KIR,Kiribati,,,,,,,,,,,,,,,,,,,,
PRK,"Korea, Democratic Peop",,,,,,,,,,,,,,,,,,,,
KOR,"Korea, Republic of",10.7920563094     ,10.8076166468     ,11.2422682311     ,12.2650409014     ,12.0117638219     ,11.9903445965     ,12.2384286383     ,11.8171860863     ,11.515387693     ,11.2413884058     ,11.4815496425     ,10.8003185119     ,11.2389165802     ,10.6508799433     ,11.5085185217     ,10.8916069795     ,10.9688578767     ,10.8200064047     ,10.566737505     ,10.2902667771     
KWT,Kuwait,-21.5527567971     ,-21.1760456614     ,-21.4120801276     ,-21.250426624     ,-20.6928997485     ,-20.5943805939     ,-20.3782426247     ,-20.3329902033     ,-21.8082715439     ,-22.3149116336     ,-21.5806442891     ,-21.688887677     ,-21.9883082706     ,-21.1549139029     ,-20.4304511515     ,-18.1280169023     ,-17.6205933642     ,-18.3800504348     ,-17.1779208369     ,-17.5056713638     
KGZ,Kyrgyzstan,13.126078603     ,12.8119291368     ,12.4110106829     ,13.2944546065     ,13.0837284176     ,13.5923498244     ,13.7150441186     ,13.8243757442     ,12.8208390237     ,12.1886774663     ,10.2240205623     ,9.99644726392     ,11.0994589174     ,11.7093241843     ,12.1346640238     ,12.5704679952     ,12.1319881711     ,12.5617079736     ,12.355148479     ,12.3014727791     
LAO,Lao People's Democrati,-1.40559667589     ,-2.04900337251     ,-2.44995547782     ,-2.00431953602     ,-3.0526050961     ,-3.95892887556     ,-3.07860948604     ,-3.12128973736     ,-4.32227567365     ,-3.6341148692     ,-3.83919572502     ,-3.18087212211     ,-2.69127881418     ,-3.04633582195     ,-3.20951064585     ,-3.29267073741     ,-3.09456601869     ,-3.01075869564     ,-2.25529320575     ,-1.81437508298     
LVA,Latvia,8.05255367014     ,7.84793360293     ,7.70851520529     ,8.21557176881     ,7.72823977078     ,7.48373703764     ,7.77931864209     ,8.1771339935     ,7.7393380449     ,6.00475150225     ,5.39019083741     ,4.97528651637     ,4.52252931856     ,4.32955549065     ,4.94755791086     ,4.46542746557     ,4.79253041402     ,4.32475469064     ,4.92901083403     ,4.89784063075     
LBN,Lebanon,-8.35788703529     ,-8.49747526983     ,-7.46814744933     ,-7.19858314261     ,-6.49987185423     ,-6.13242043929     ,-5.56920609266     ,-5.39109708971     ,-5.81956344285     ,-6.15704650715     ,-4.81085537315     ,-5.63774917512     ,-6.42175755573     ,-6.0279841774     ,-6.13325537011     ,-5.55434273325     ,-5.06515541197     ,-5.66472062578     ,-5.97150619044     ,-5.56689442279     
LSO,Lesotho,0.192636705511     ,0.073756018252     ,0.734036947963     ,0.895987443035     ,1.57749649694     ,1.6847009754     ,1.34885504049     ,1.2684415826     ,0.6664147787     ,1.45302393758     ,1.40280487715     ,0.987764723211     ,0.289831866976     ,-0.503054961878     ,-0.607821825615     ,-0.31659202664     ,-0.993869448686     ,-0.339111968179     ,-0.219124131226     ,-0.761493540835     
LBR,Liberia,8.26596895587     ,8.33002285208     ,3.89845986626     ,2.73908641095     ,2.06306006566     ,1.71725379481     ,2.12892332072     ,2.11241775434     ,4.91606732948     ,5.2988801945     ,5.44925806684     ,6.15776421286     ,5.93471649961     ,5.63111546914     ,5.9056532907     ,6.48252880896     ,7.24780424312     ,7.37241275298     ,6.48176496283     ,6.5436651193     
LBY,Libyan Arab Jamahiriya,-15.3304204745     ,-15.2827678171     ,-15.2581390635     ,-15.2173581229     ,-14.9108884238     ,-15.1738999865     ,-14.6365813331     ,-14.1976286334     ,-14.6201074469     ,-14.2702158456     ,-14.9547139045     ,-15.4363768736     ,-14.9763480844     ,-14.6510940355     ,-15.3528143791     ,-16.4602336165     ,-9.3441872956     ,-16.8734866041     ,-15.3915413567     ,-13.791210737     
LIE,Liechtenstein,,,,,,,,,,,,,,,,,,,,
LTU,Lithuania,2.34741434184     ,2.53800087408     ,2.95607735594     ,3.52600428341     ,3.43354781671     ,3.51818355282     ,4.44306577285     ,5.09944634537     ,5.86146705582     ,7.4573665193     ,7.43973918912     ,7.04763995163     ,6.31841196281     ,5.91743302747     ,6.62620945164     ,6.2260706912     ,5.25400210678     ,5.30633140932     ,5.86494149719     ,5.80113527457     
LUX,Luxembourg,-2.02724081668     ,-1.05718699085     ,-1.85345420034     ,-2.45824581688     ,-3.80301089919     ,-0.72546226827     ,-2.71517911628     ,-3.21308833154     ,-5.06766232391     ,-4.63295465358     ,-4.90855594505     ,-4.36204007139     ,-5.39150770811     ,-4.16097458068     ,-3.75719680487     ,-3.27224310646     ,-2.20469654812     ,-1.23024869719     ,-1.36106975494     ,-1.20829068193     
MDG,Madagascar,-0.558106091445     ,-0.1140745569     ,0.03560339123     ,-0.303087679744     ,-0.193010961186     ,0.013711659816     ,-0.739693445572     ,1.06912273914     ,1.09280831813     ,0.545462585712     ,2.01372859374     ,2.17112550038     ,3.27212346263     ,2.46904538035     ,2.1557092705     ,1.24978955285     ,1.88189461821     ,1.85995265844     ,1.07448817847     ,0.996303197038     
MWI,Malawi,6.19684532559     ,6.38199782348     ,6.80688991566     ,7.10340020383     ,7.82241016307     ,8.58260085069     ,9.22778278733     ,9.22215853176     ,9.94202743482     ,11.3178350766     ,12.3646215969     ,12.4477616332     ,12.1390604237     ,11.723108625     ,11.2838122922     ,10.9073507077     ,10.6115909097     ,10.5718995519     ,9.30253626225     ,9.10353097474     
MYS,Malaysia,-0.616760095802     ,-0.882880765861     ,-1.31080182595     ,-0.342273851551     ,-0.545200846926     ,-0.673213958268     ,-0.143190255429     ,-0.134816959822     ,0.426855817082     ,-0.112628057064     ,1.04433695891     ,0.392352330045     ,0.0265162103428     ,0.278563444243     ,0.632200950429     ,1.17659729316     ,1.37180496508     ,1.57880087596     ,1.38067722028     ,1.79526069149     
MDV,Maldives,-3.14415477278     ,-2.92301794998     ,-2.74758800822     ,-3.1541931274     ,-2.46049152876     ,-1.80734577614     ,-1.13024739686     ,-1.03874140038     ,-1.276689381     ,-3.38508031657     ,-0.101914535163     ,-0.9026831593     ,-2.23570915711     ,-3.31628248069     ,-3.39888205824     ,-4.3854678295     ,-5.39504833525     ,-5.64832760485     ,-6.84682489821     ,-6.20739255869     
MLI,Mali,-0.668717024771     ,-0.32966082402     ,-0.0391492071415     ,-0.18293694042     ,-0.334450868265     ,-0.104464413611     ,-0.945065548383     ,-0.647975274391     ,-0.493852626744     ,1.04504782558     ,0.513497260006     ,0.546387308896     ,1.16539739002     ,0.882094712604     ,1.30235781132     ,1.69755349143     ,1.88310156139     ,1.05075193346     ,1.84312538455     ,2.07065762452     
MLT,Malta,-1.8260231136     ,-2.16400279998     ,-1.26514709609     ,-2.04856795389     ,-2.14845078619     ,-1.75255221043     ,-0.617055332153     ,-1.13134894195     ,-0.197185613874     ,-0.302844702277     ,-0.250178467073     ,-0.346546389898     ,-0.538199612347     ,-0.706977208245     ,-0.837855556807     ,-0.57480355478     ,-1.22050610026     ,-0.852371363085     ,-1.06292329949     ,-1.33457112653     
MHL,Marshall Islands,,,,,,,,,,,,,,,,,,,,
MRT,Mauritania,-9.41964138756     ,-9.20155571855     ,-8.72573768568     ,-9.18619610575     ,-9.29707161271     ,-8.80602551277     ,-8.42345338595     ,-7.53820280197     ,-8.43061331075     ,-7.87577891385     ,-9.3777502054     ,-9.98558105938     ,-10.1333242267     ,-10.7636293577     ,-10.7023626381     ,-10.8615179526     ,-10.3063331299     ,-10.4562309342     ,-10.2788865978     ,-10.2731008639     
MUS,Mauritius,0.794292632074     ,0.542814065348     ,0.602212834895     ,0.569735248419     ,0.349582396457     ,-0.244621313951     ,0.193787539659     ,0.0727189543852     ,-0.0590073842026     ,-0.460776988405     ,1.68257639242     ,1.46675679667     ,1.60822873972     ,1.833469912     ,1.51723043071     ,1.28502354534     ,1.54613801986     ,2.08725051501     ,1.87133190711     ,1.45885687455     
MEX,Mexico,-3.38088369924     ,-3.64867957866     ,-3.29108718137     ,-2.93411926453     ,-2.77452272916     ,-2.68763055768     ,-2.12314870821     ,-1.6532538584     ,-1.47731744302     ,-1.67379874417     ,-3.22321319529     ,-2.00506428548     ,-2.1498818126     ,-2.50130093315     ,-2.55075655765     ,-2.29121400055     ,-2.34627664049     ,-1.77169600726     ,-1.29475629477     ,-1.5351287579     
FSM,"Micronesia, Federated ",,,,,,,,,,,,,,,,,,,,
MDA,"Moldova, Republic of",10.0142844926     ,10.6348601202     ,11.0534773242     ,11.6841230327     ,11.5729798949     ,10.1876943352     ,10.8210148834     ,9.90305692505     ,10.1209130199     ,10.6025660651     ,9.16448248666     ,9.00240668368     ,9.63676587467     ,8.67571763803     ,8.0583299974     ,7.91234937946     ,8.14928263918     ,8.82912216073     ,7.69655304376     ,8.05048090219     
MCO,Monaco,,,,,,,,,,,,,,,,,,,,
MKD,Macedonia,2.27664541081     ,1.83352931256     ,1.61376730254     ,2.1487523805     ,1.70098891023     ,0.849607890373     ,1.30742280731     ,0.890409620071     ,1.40830157166     ,1.49630721712     ,0.716323215469     ,0.948211953433     ,2.05084295943     ,2.21356703717     ,2.86076418574     ,2.43231142762     ,3.01983846558     ,3.68815194301     ,4.16894309837     ,4.82387793338     
MNG,Mongolia,3.04173123492     ,3.13890433908     ,3.71859932522     ,3.10308303578     ,3.05639405568     ,2.18986338167     ,2.99120629637     ,3.98354310603     ,4.52317277996     ,4.86203828947     ,3.79246646026     ,3.74350177788     ,3.0253236063     ,2.32658091818     ,2.22072512864     ,2.56211062779     ,1.79299594074     ,1.90046262338     ,1.60074264187     ,1.37116823207     
MNE,Montenegro,0.636989136918     ,0.74450455884     ,0.889451082861     ,0.539067997415     ,1.40292114451     ,1.11557549678     ,0.962551876984     ,0.668857384451     ,0.485024923501     ,0.281555451401     ,0.289856611141     ,-0.210517968838     ,-0.465137258918     ,0.670646787954     ,1.97655859605     ,2.99138062601     ,2.0798044744     ,3.52625898904     ,3.31624967639     ,3.40313214319     
MAR,Morocco,1.63822205191     ,1.15183123811     ,2.07292677     ,1.58889941679     ,1.34676999622     ,0.868829093523     ,0.211594994647     ,-0.137055626311     ,-0.539750987632     ,0.145500859831     ,-0.934142568651     ,-0.898520299935     ,-0.889071140935     ,-0.987165364686     ,-0.253421014798     ,0.131566735152     ,0.413310339162     ,0.420249976574     ,0.631834972773     ,1.00500281442     
MOZ,Mozambique,7.23911781658     ,7.34454421632     ,7.38779538438     ,7.43170844693     ,7.51574543534     ,8.13555172783     ,7.84801768186     ,7.47040468471     ,7.00296813242     ,6.57839917227     ,7.88085402239     ,7.85165500711     ,8.71173151839     ,8.65610699295     ,8.66960527911     ,8.62950720907     ,7.74412757781     ,7.23355109067     ,6.18961433768     ,6.29992598967     
MMR,Myanmar,76.3738462082     ,78.0288237954     ,80.0823965639     ,81.1417816182     ,82.6503497224     ,84.0244777271     ,85.4451579203     ,86.8607403087     ,87.3695805249     ,86.8406920414     ,87.6992648205     ,87.3145183529     ,87.8299567845     ,88.5718301515     ,89.5281394595     ,90.366478591     ,91.3711875842     ,92.3114753628     ,92.3071752882     ,92.8760875127     
NAM,Namibia,-5.48292954694     ,-5.24394505216     ,-5.4569828928     ,-5.3891679488     ,-5.68166303965     ,-5.66972431676     ,-5.50322552613     ,-5.49684192083     ,-5.2050080976     ,-6.51014514296     ,-6.62378048366     ,-6.63889249219     ,-6.68642609549     ,-6.50311653015     ,-6.61597118695     ,-6.72893816387     ,-6.77631848994     ,-6.55788211624     ,-6.74354363433     ,-7.39747077974     
NRU,Nauru,,,,,,,,,,,,,,,,,,,,
NPL,Nepal,8.83649655982     ,8.24046733482     ,8.36382337796     ,7.68702632497     ,7.44104666506     ,7.0273075788     ,6.83628875566     ,6.75179277065     ,6.9849850978     ,6.15697781754     ,5.59343543216     ,5.79852409881     ,5.99862748319     ,5.53226549256     ,5.33178516629     ,5.30830556395     ,5.27288443705     ,4.91154200392     ,5.65405644137     ,6.05771202482     
NLD,Netherlands,8.91137307363     ,9.0906782205     ,8.83217048154     ,8.78521085472     ,8.92482303666     ,9.05083308326     ,7.69968513049     ,7.3151711647     ,7.23570727668     ,7.0852826347     ,5.61058793533     ,5.98280992265     ,5.8887356297     ,5.73154965352     ,5.39538460454     ,5.35396047832     ,5.62150220251     ,5.88244749093     ,6.40353484384     ,6.28029348562     
NZL,New Zealand,18.3041294866     ,18.3766661039     ,18.8849756051     ,19.1310310979     ,18.6571794405     ,18.5885398161     ,18.2247791415     ,17.902107701     ,18.0455169283     ,18.7618956336     ,17.8211947557     ,18.1480977677     ,18.371207003     ,18.436978167     ,17.9906450198     ,17.7712841018     ,17.6081206232     ,17.2370197877     ,17.094063062     ,17.3524232257     
NIC,Nicaragua,0.850262174461     ,1.11151087536     ,1.65033721099     ,1.91851553501     ,1.82537676553     ,2.11512210366     ,2.33028507709     ,3.06707356512     ,2.99757805709     ,2.20748359571     ,1.1956513939     ,1.17802350618     ,1.01828814912     ,0.487511774166     ,0.333667893184     ,0.471346878593     ,0.663666523192     ,0.544316815945     ,0.455903333664     ,0.207440700038     
NER,Niger,-1.52572125635     ,-0.990339831111     ,-0.384818138447     ,-0.593775315949     ,0.15524442409     ,0.823531085199     ,1.0187955919     ,1.25214289757     ,1.67222110418     ,2.92499147646     ,2.07389487866     ,3.34417233004     ,4.02501739137     ,3.89800588867     ,4.37126573151     ,4.36865682025     ,5.78230115019     ,5.27652272114     ,5.06631978721     ,4.98282187397     
NGA,Nigeria,-4.60329784731     ,-4.53071116965     ,-4.01702978738     ,-4.24262834714     ,-4.11915587285     ,-4.5047921907     ,-4.43061007324     ,-4.65880097509     ,-4.89598398559     ,-7.31742186791     ,-5.49166958404     ,-5.74183366053     ,-6.05822412018     ,-6.36909084082     ,-7.86989180334     ,-8.53969602153     ,-8.36163854595     ,-8.9307207813     ,-9.39091120942     ,-9.13496991843     
NOR,Norway,13.6732596653     ,13.4645705316     ,13.5058118469     ,13.3979277913     ,13.4134391735     ,13.436812001     ,13.2635535932     ,12.9548062068     ,12.67593935     ,12.4604534787     ,12.7525874268     ,12.5554883218     ,12.0739969974     ,11.8004244511     ,11.4693757567     ,11.2762944103     ,10.9793025617     ,10.5597108061     ,11.0273181439     ,10.7193213944     
OMN,Oman,-18.1943266604     ,-18.2149524068     ,-17.8856224922     ,-17.8302830048     ,-17.7655683355     ,-18.1688101076     ,-17.9955224672     ,-17.3882141742     ,-16.7878042659     ,-15.0003466575     ,-13.2460795717     ,-12.6575216164     ,-12.6973339044     ,-11.7068026099     ,-11.6492285562     ,-11.8365555429     ,-10.7402821758     ,-9.67392623459     ,-9.57704398938     ,-9.05882420837     
PAK,Pakistan,-1.14681939541     ,-1.06944794396     ,-0.779408475942     ,-0.62388207022     ,-0.607692288205     ,-0.515947883135     ,-0.381187454413     ,-0.537156978776     ,-0.449589306391     ,-1.37739995337     ,-1.35868858367     ,-1.13191090648     ,-1.53008343707     ,-1.82765378281     ,-2.04973826485     ,-2.04696841904     ,-2.14940647857     ,-1.62606497612     ,-2.10673592029     ,-2.07186664435     
PLW,Palau,,,,,,,,,,,,,,,,,,,,
PAN,Panama,-1.32881486673     ,-1.00398091295     ,-0.674470072405     ,-1.08707349187     ,-1.11733657187     ,-1.30118746351     ,-0.688127663378     ,-0.687015401777     ,-0.999047760013     ,-0.582274341177     ,-1.45890430736     ,-1.73443386811     ,-2.53890151912     ,-2.66375148575     ,-2.09410258127     ,-2.76549665073     ,-3.48579866577     ,-4.5568947163     ,-4.81846302125     ,-4.71678676956     
PNG,Papua New Guinea,-4.96638541838     ,-5.11175059567     ,-5.54252337639     ,-4.33687352484     ,-4.3446750826     ,-3.77223478104     ,-3.69509268338     ,-4.00268932098     ,-4.03384808322     ,-3.74352723638     ,-4.23830854061     ,-3.9029881621     ,-4.46613992358     ,-4.57623973271     ,-4.85001983718     ,-5.57773966774     ,-6.36572161969     ,-6.80286220332     ,-7.10203402693     ,-6.73352447483     
PRY,Paraguay,-5.78570839076     ,-5.51235745393     ,-5.55541576441     ,-5.71303869158     ,-5.58549104653     ,-5.2070365222     ,-4.31696774098     ,-3.60821258341     ,-3.31259383298     ,-0.855702038789     ,-0.669796204526     ,-0.43919457762     ,0.305459857327     ,0.700385440445     ,1.26050612064     ,0.423010222574     ,0.299524426087     ,0.578565220025     ,-1.24799533959     ,-0.682554218793     
PER,Peru,-2.11259199507     ,-2.04720768986     ,-1.98015524959     ,-2.56851875082     ,-2.45598725733     ,-2.85528910806     ,-2.88602296276     ,-3.26536400024     ,-3.08928673523     ,-1.39326520487     ,-1.60419704216     ,-0.886883031441     ,-1.26143011314     ,-1.69648126582     ,-1.59632064961     ,-0.933130541666     ,-0.570315316778     ,-0.91898981671     ,-1.38087236763     ,-1.24607326072     
PHL,Philippines,-0.630416550597     ,-0.700934757956     ,-0.585480147105     ,-0.219433756023     ,-0.826387196317     ,-1.7251135379     ,-1.45244299714     ,-1.25376806666     ,-2.0424561172     ,-1.94049416623     ,-0.376324712095     ,-1.27486030679     ,-1.11106135218     ,-1.45665227325     ,-1.0008146344     ,-1.02419853686     ,-0.190665393709     ,-0.00821643274965     ,0.390706011123     ,0.421881549026     
POL,Poland,7.91704826471     ,7.55194839484     ,7.67298399184     ,7.37383612692     ,6.96707266316     ,6.50077459701     ,6.77421099587     ,7.13711536587     ,6.74275225526     ,7.27014323924     ,7.68578830348     ,7.77256171011     ,7.79926133539     ,7.86429640053     ,7.82114951453     ,8.08818754032     ,8.0166942412     ,9.33932575157     ,9.99211022812     ,9.68987950282     
PRT,Portugal,1.42402688593     ,1.47614700507     ,1.38017257949     ,1.30957524603     ,1.06365565588     ,1.12274573956     ,1.38611403215     ,1.68745936854     ,2.1018678679     ,0.759678811676     ,1.34021807775     ,1.77283675408     ,2.13751638493     ,2.78616491028     ,3.08704934989     ,3.23534199879     ,4.28520724023     ,5.22011669733     ,4.88809055074     ,4.81764952239     
QAT,Qatar,-20.4461960926     ,-20.3563333333     ,-19.6342675667     ,-18.8618301534     ,-18.9201447783     ,-19.1599736044     ,-19.5858205739     ,-20.2898836275     ,-20.008173169     ,-19.8840586251     ,-18.7239071641     ,-19.1756576543     ,-18.9693824087     ,-19.3113170815     ,-18.2545134218     ,-19.3287307555     ,-20.2702681552     ,-19.2619689768     ,-18.9695620872     ,-19.6859018053     
ROU,Romania,-0.275018187935     ,-0.169238963703     ,0.25677356088     ,0.289300742293     ,-0.0419386878931     ,-0.631258554354     ,-0.433189633362     ,-0.0486133345352     ,-0.846955743498     ,-0.483859444081     ,-0.273340101716     ,0.845682086423     ,1.07148852874     ,0.969836105141     ,1.15236769997     ,0.983748578884     ,0.192191073639     ,-0.17620879692     ,0.221869478341     ,0.370234428337     
RUS,Russian Federation,6.58828217514     ,7.02604013602     ,6.95555639206     ,7.99302857556     ,7.88129790086     ,7.4990663566     ,8.12117585213     ,8.56561730413     ,8.15876649352     ,7.00732666509     ,4.67008162682     ,4.76924968609     ,4.16667533095     ,4.5285847989     ,3.52065679003     ,3.61490060427     ,2.90624130923     ,3.46338118769     ,5.22995465949     ,5.80489434498     
RWA,Rwanda,1.85982288781     ,2.14161966285     ,1.84878769577     ,1.6388783092     ,2.37969621324     ,2.72166337212     ,3.16857150106     ,2.94139200192     ,3.72202323229     ,2.37328163938     ,1.09987612866     ,1.68320351382     ,2.22513751364     ,3.02883139163     ,5.61595668134     ,6.31628478655     ,5.99944748112     ,6.19348657309     ,6.89413708156     ,7.09037799242     
KNA,Saint Kitts and Nevis,-6.50843308092     ,-6.66245713101     ,-7.31898315508     ,-7.42191800472     ,-7.58214911685     ,-7.62797602092     ,-7.67937444381     ,-7.17519670043     ,-6.49977521164     ,-5.90973748959     ,-3.69636667772     ,-3.93341096004     ,-4.00510572246     ,-4.62003034571     ,-3.69654006874     ,-3.04948715871     ,-3.91463183068     ,-3.80521504021     ,-3.7449883837     ,-6.06995516018     
LCA,Saint Lucia,4.0398721375     ,4.06984190439     ,3.77517244852     ,3.24575328347     ,4.39809645122     ,4.60413207359     ,4.42406843894     ,3.96115994522     ,4.76232367653     ,4.29377968478     ,6.23150048046     ,5.13590207391     ,5.14267674621     ,5.85955585     ,5.91618984689     ,5.6391313439     ,6.54007257473     ,5.8927815511     ,5.53888824615     ,4.7556901851     
VCT,Saint Vincent and the ,0.279412213235     ,0.56116185799     ,-0.278347186449     ,-0.591063852116     ,-0.567742284399     ,-0.096389041186     ,-0.106780134991     ,-0.623928646125     ,-0.246348468825     ,-0.0261915132227     ,1.86390842136     ,1.5667861572     ,1.67412616088     ,2.13805324406     ,2.8123056665     ,3.43944080828     ,3.87728450793     ,3.34534450917     ,3.83218005363     ,3.35649438416     
WSM,Samoa,-0.675495943965     ,-0.998138320958     ,-0.694337326641     ,-1.31065815065     ,-0.447668611164     ,-1.67033515556     ,-2.05685268937     ,-2.53361541365     ,-2.28347122081     ,-2.48975411159     ,-0.781925141991     ,-0.82066648763     ,-0.994019290262     ,-0.830558029056     ,-0.130361887779     ,0.137682255998     ,-0.131795659441     ,0.720734426702     ,-0.4409621707     ,-0.316004066755     
SMR,San Marino,,,,,,,,,,,,,,,,,,,,
STP,Sao Tome and Principe,-4.29430300741     ,-3.97842223595     ,-3.74572807187     ,-4.49105570166     ,-3.62029636775     ,-2.93027255955     ,-3.38659292131     ,-3.63710552854     ,-4.11214839852     ,-3.73030256347     ,-2.95346787632     ,-3.48933560972     ,-3.30341526943     ,-3.94953388399     ,-3.90572647391     ,-3.32648425346     ,-2.48544259027     ,-2.93933076542     ,-3.38173128684     ,-2.97299165277     
SAU,Saudi Arabia,-18.0476051999     ,-17.9969499926     ,-18.0546655271     ,-17.9532491051     ,-17.3619871112     ,-17.4777597297     ,-16.9614733329     ,-16.6429223301     ,-16.4833677945     ,-16.3272676266     ,-12.7373467562     ,-12.911653861     ,-11.2477424637     ,-11.1442796811     ,-11.2519650685     ,-10.0310620297     ,-11.0765617718     ,-9.64647183275     ,-9.77508979669     ,-9.83537265379     
SEN,Senegal,-1.80221671911     ,-1.60985263194     ,-1.06670953694     ,-1.4565218566     ,-1.48067376147     ,-1.02533247819     ,-0.671501980378     ,-0.0377230162026     ,-0.577138087191     ,-0.352170891573     ,-0.753064240088     ,-0.753457533048     ,-0.64498610817     ,0.412574740292     ,0.760359556523     ,0.348439063863     ,0.969667129814     ,1.37068039445     ,1.27319805383     ,2.09860436934     
SRB,Serbia,0.113216554817     ,-0.203156799956     ,-1.21755000372     ,-1.87438071553     ,-0.426557275368     ,-1.0245438633     ,-0.924611579718     ,-0.992079554789     ,-0.993504871801     ,-0.599432355886     ,-0.0841098473593     ,1.6877085048     ,1.68125563712     ,1.35052833824     ,0.951497659594     ,1.83512690401     ,1.66192602058     ,2.32733384502     ,2.66456008008     ,2.98970842981     
SYC,Seychelles,0.110593804686     ,0.197135125288     ,-1.3093296065     ,-2.68045067344     ,-2.54279260192     ,-2.54520242072     ,-2.5189832007     ,-2.65878446755     ,-2.06516763589     ,-2.2934922576     ,-2.51617639659     ,-3.26386920615     ,-4.08660165033     ,-3.63980794158     ,-4.64231493472     ,-5.063102946     ,-5.72052439332     ,-6.26861631666     ,-6.67581841103     ,-7.08070225065     
SLE,Sierra Leone,-1.11616314716     ,-0.92018650728     ,-0.0564660191931     ,0.0503332710424     ,0.811331338123     ,0.720793632229     ,2.59227369025     ,1.54761809771     ,1.24385646375     ,1.41409280256     ,1.69729088667     ,1.32252197791     ,1.50543582403     ,1.60692921189     ,1.0945618287     ,1.75441527732     ,2.06863157184     ,1.08229987986     ,-0.411955172679     ,-0.870195639285     
SGP,Singapore,2.76994425102     ,3.27532273339     ,3.50909511795     ,4.22710353092     ,4.46252326679     ,5.61047399762     ,5.97409841188     ,6.56395809279     ,5.99537064235     ,5.23682531793     ,4.69994810683     ,4.60154735335     ,5.08425908959     ,5.66522700314     ,4.68077345803     ,4.58280992497     ,4.88382607173     ,5.01459763536     ,5.24784980697     ,5.24826110234     
SVK,Slovakia,3.60346272002     ,2.89612589259     ,2.76074093846     ,2.76378468787     ,2.86733946754     ,2.98393155559     ,2.97958685549     ,3.41030993953     ,3.3730572475     ,4.79324631575     ,4.67360659799     ,4.77494787009     ,4.16165844172     ,3.67548752498     ,3.38259060891     ,2.53395084816     ,2.37939726617     ,2.5883231051     ,2.80494764589     ,2.58363843023     
SVN,Slovenia,8.27962648173     ,7.97210819112     ,7.61971892408     ,8.57141191344     ,7.12954407633     ,7.57931850962     ,7.61733487023     ,7.88142075988     ,7.79477131958     ,7.98447917886     ,9.46542657581     ,8.44439645628     ,8.16822346761     ,7.7424284565     ,9.01725228613     ,9.26129080858     ,9.73062357601     ,9.91791329104     ,9.90722083038     ,9.53875210054     
SLB,Solomon Islands,-5.169819666     ,-4.67704928168     ,-3.90653750615     ,-3.68651647799     ,-4.6015980221     ,-4.40593960076     ,-5.03812738992     ,-4.24964934682     ,-4.51722777047     ,-4.53487707032     ,-1.98818119203     ,-2.4872944923     ,-3.0620000676     ,-3.02951492347     ,-2.53307784266     ,-2.03387459033     ,-1.67675213443     ,-1.62629807566     ,-1.76290910653     ,-0.801295938413     
SOM,Somalia,,,,,,,,,,,,,,,,,,,,
ZAF,South Africa,-1.14136071351     ,-1.22347727257     ,-1.12553671972     ,-0.910031923813     ,-0.698202800737     ,-0.37014151462     ,-0.449444186379     ,-0.925686471087     ,-0.984304140629     ,-0.664616855342     ,0.0380994650385     ,0.101400274386     ,-0.197101440623     ,-0.456888825047     ,-1.38307795524     ,-1.32207023723     ,-1.07126456357     ,-0.976510954998     ,-1.1821044118     ,-1.91504984357     
ESP,Spain,4.17443937574     ,4.57146750747     ,4.65267092133     ,4.67388104708     ,4.75374963661     ,5.01258223828     ,4.64569057388     ,4.21894934202     ,4.36813720501     ,4.90449455839     ,4.73377630374     ,4.48096758182     ,4.22243354432     ,4.08469479539     ,3.1622443577     ,3.16653840313     ,3.56869720994     ,3.42172178292     ,3.7345384076     ,2.99318831613     
LKA,Sri Lanka,3.47725731831     ,3.36537212522     ,3.33462409261     ,3.40909332391     ,3.32460479904     ,2.74418853535     ,3.28913082774     ,3.39060598355     ,2.72305103216     ,0.603248209371     ,0.2301708567     ,-0.181325701251     ,-0.843016780024     ,-1.04872548773     ,-1.63922846839     ,-2.32652780483     ,-2.61625769445     ,-2.29010605789     ,-2.924903062     ,-2.9730140479     
SDN,Sudan,-7.72010293549     ,-7.7206114387     ,-7.79282165135     ,-7.49811412116     ,-7.15195601303     ,-7.32020532578     ,-7.26606090464     ,-7.18490014164     ,-8.22060282886     ,-7.62794919285     ,-9.9685506533     ,-9.84694201457     ,-10.9466639175     ,-11.8189713169     ,-11.6224776429     ,-11.8364819174     ,-12.3272204623     ,-13.0386123846     ,-13.47708309     ,-13.7143545537     
SUR,Suriname,-6.82822854029     ,-6.69763705852     ,-6.38042188801     ,-6.16790697324     ,-5.84022551599     ,-5.20484082739     ,-5.27169375174     ,-5.04215364342     ,-5.01589947605     ,-5.73681027735     ,-5.99134784394     ,-6.62767541251     ,-6.48258549306     ,-6.52047450648     ,-6.87337070871     ,-8.20473123468     ,-8.24723073345     ,-8.23010370565     ,-7.59233282976     ,-7.82726204007     
SWZ,Swaziland,-7.94445841537     ,-7.82585702115     ,-7.79837119773     ,-8.55942625579     ,-8.36820614301     ,-8.13493088782     ,-8.10002303701     ,-8.14762915846     ,-8.54617219593     ,-8.91654195095     ,-8.98823199139     ,-8.94128539311     ,-8.92892999281     ,-8.96163093215     ,-9.36071634457     ,-8.50598858819     ,-8.91135853148     ,-8.77181792376     ,-8.52376158184     ,-8.7123435602     
SWE,Sweden,13.801077516     ,13.8795349999     ,13.9876041554     ,13.8610582627     ,14.274235215     ,14.1520981101     ,14.3647554227     ,14.3067008606     ,14.2238849538     ,13.9112127888     ,13.3132576056     ,13.5375857318     ,13.3576155576     ,12.9503796579     ,13.3490076613     ,13.005617172     ,12.4474325653     ,12.6687963714     ,11.9191483386     ,11.5840966041     
CHE,Switzerland,10.2152063194     ,10.2919063764     ,10.3317481754     ,10.4612494895     ,10.5621510901     ,10.446937166     ,10.3873959685     ,10.3230202373     ,10.1965571833     ,11.1540652971     ,9.62434314764     ,9.89866428189     ,9.60474711911     ,8.71557588326     ,8.78652794819     ,8.52995901747     ,8.20432488365     ,8.2378190834     ,8.43591092413     ,9.22893049915     
SYR,Syrian Arab Republic,85.4789478251     ,87.1810707194     ,89.3552217818     ,90.4497179309     ,91.9807619972     ,93.4803872903     ,94.4846626013     ,96.3376853727     ,96.3394812391     ,95.7997960449     ,97.0367087683     ,96.3505582948     ,97.0263889552     ,98.6475811889     ,100.273937233     ,100.852833338     ,100.275435687     ,99.0383022469     ,99.1374434219     ,98.5073889877     
TJK,Tajikistan,4.32623788571     ,7.65789075873     ,8.09440108677     ,8.12803293662     ,8.03597804028     ,8.90508022671     ,8.14847340233     ,8.63314573106     ,8.1414613372     ,7.35462725752     ,6.91444590973     ,6.98919588518     ,7.03455337175     ,7.016424954     ,7.29932560459     ,7.8766706691     ,7.13296240412     ,6.69362167811     ,5.89393505523     ,7.31484990104     
TZA,"Tanzania, United Repub",5.77177505709     ,5.99321258484     ,6.10743871164     ,6.23341308218     ,5.92954458407     ,5.80910968193     ,6.15149023285     ,6.27719361267     ,4.83518599555     ,3.99420965977     ,3.35530422635     ,4.06627228265     ,3.62559398533     ,3.4219870384     ,3.07263185362     ,2.74857324035     ,2.3862769532     ,2.28965249181     ,1.04077970314     ,0.434779182762     
THA,Thailand,2.97188047852     ,2.76219757604     ,3.47593950744     ,5.13646725305     ,5.22916916793     ,5.09187382895     ,5.06764179533     ,4.59573035344     ,3.95054643137     ,3.36209151284     ,2.86614008747     ,2.07282604352     ,2.2778624553     ,2.86647973256     ,3.1479989504     ,2.55096394085     ,2.75200836498     ,1.91127499664     ,1.82140144652     ,2.23596830206     
TLS,Timor-Leste,-2.47154617047     ,-2.26755523503     ,-1.95651273386     ,-1.99441281621     ,-1.76758188669     ,-3.11548525914     ,-4.77852281396     ,-4.35495835067     ,-3.2867648709     ,-2.83830227534     ,-0.202469161912     ,-0.382235336091     ,-0.793168899525     ,-0.161609084319     ,0.582135203878     ,0.480316256498     ,-0.407190573003     ,-0.661063330299     ,0.474034805277     ,1.0018132891     
TGO,Togo,-1.02391119376     ,-1.28882996972     ,-1.91908104346     ,-1.40898029797     ,-1.06614372891     ,-0.293661001757     ,0.0380046185105     ,0.511423242475     ,0.238804869813     ,-0.329618646589     ,-0.28129737774     ,1.06108119696     ,1.9101870169     ,2.46308953763     ,2.09877304046     ,2.67252573477     ,2.79681663221     ,2.7926373814     ,3.416093933     ,3.79075302282     
TON,Tonga,-2.31420384801     ,-2.00501197452     ,-1.93885460691     ,-2.41135458697     ,-3.18753072185     ,-3.24017848265     ,-4.2261922211     ,-4.56684218068     ,-3.98211244095     ,-4.37353656736     ,-3.74822004289     ,-3.85633359372     ,-2.74265933768     ,-2.64662331586     ,-1.02684021633     ,-0.374040610683     ,-0.523985994568     ,-0.305605770236     ,-0.108721628885     ,-0.527509211719     
TTO,Trinidad and Tobago,-1.92597554307     ,-2.36088612646     ,-2.34148794342     ,-3.26449064471     ,-3.81304038058     ,-4.66540991924     ,-4.9537551356     ,-5.64380502557     ,-7.18125404058     ,-7.19718507858     ,-7.64443297498     ,-8.36982880976     ,-8.9504902669     ,-9.00171955172     ,-8.9555738657     ,-8.35827907238     ,-8.1423363903     ,-8.20121050116     ,-8.76170256863     ,-8.47925465328     
TUN,Tunisia,2.0495572135     ,2.57110973992     ,2.37846840268     ,2.31138845791     ,2.34396717779     ,2.20709361102     ,2.11278962605     ,2.23681106931     ,2.34851052774     ,1.67634394302     ,0.518844630839     ,0.66152044487     ,0.427510070855     ,0.285099428434     ,1.40332020662     ,1.21157114233     ,0.93301328175     ,0.303062804599     ,-0.786118638981     ,-0.849825409366     
TUR,Turkey,-4.77068124454     ,-4.95349623796     ,-5.19634170379     ,-5.07775645979     ,-4.15010094477     ,-4.10436577506     ,-3.44134515011     ,-3.96999445642     ,-3.53938636652     ,-0.904426513566     ,-0.678806612042     ,-0.463073058672     ,0.196616521944     ,0.528844898891     ,0.955049370476     ,0.946783679     ,0.9930502103     ,1.5909820368     ,1.40760129075     ,1.19320151702     
TKM,Turkmenistan,-3.98529526879     ,-4.47607992759     ,-3.43242565387     ,-4.48843931773     ,-5.41090166631     ,-5.72951087127     ,-6.1270931797     ,-6.2792587063     ,-6.43145174522     ,-7.71032170475     ,-8.70010428997     ,-10.4639509016     ,-10.6179323878     ,-11.4026713102     ,-12.2132823024     ,-13.0772833837     ,-14.1989118064     ,-14.7007345365     ,-15.8054977163     ,-16.4668975442     
TUV,Tuvalu,,,,,,,,,,,,,,,,,,,,
UGA,Uganda,7.13091163723     ,6.82618367585     ,6.61393283311     ,6.35951727487     ,5.93415853935     ,6.06323009968     ,6.03262165505     ,5.56406048937     ,5.44131749921     ,4.89925471962     ,3.85197458212     ,3.46322864762     ,3.18243492585     ,2.89627060421     ,2.17457085117     ,2.43685557013     ,1.65045177172     ,1.34809592495     ,1.23662944772     ,0.894867816094     
UKR,Ukraine,4.8296643387     ,5.59408246827     ,6.44441691721     ,7.00625380666     ,7.46661571806     ,7.10432008813     ,7.71220974815     ,5.95883141451     ,5.40988153326     ,5.73709996358     ,5.17622265205     ,5.27035786702     ,4.89277958091     ,4.40027206246     ,4.96212132319     ,5.36737990713     ,4.55524752383     ,5.57852596695     ,6.74392701908     ,6.34009509591     
ARE,United Arab Emirates,-20.8770433863     ,-21.1089309438     ,-21.3570543329     ,-20.8783456621     ,-20.38958539     ,-20.5268425463     ,-19.6531038529     ,-18.9867963734     ,-19.5216099434     ,-18.1495907274     ,-15.8824575444     ,-14.7713720713     ,-13.3127606244     ,-12.6318420561     ,-10.522471511     ,-10.4821859918     ,-9.97346875276     ,-9.14960116438     ,-8.74936325775     ,-8.05780182504     
GBR,United Kingdom,18.160711649     ,18.1127716055     ,18.1298964475     ,18.1370956536     ,18.0141814688     ,17.2664724552     ,16.5308970401     ,16.1954380134     ,15.3576904406     ,14.5127782204     ,14.0523141359     ,14.6271273767     ,14.6734784523     ,13.8457801596     ,13.8121902952     ,14.1410153651     ,13.5463840141     ,13.4799357137     ,13.286065977     ,13.3451027194     
USA,United States,13.9602134839     ,13.7701556317     ,13.4999375682     ,13.3674772405     ,13.1513582689     ,12.9358395176     ,12.6131435369     ,12.2209054995     ,11.7862013786     ,11.5773772572     ,10.3993837335     ,10.6475949437     ,10.1523596878     ,10.4843451299     ,9.76596123589     ,9.45765777015     ,9.18087677933     ,8.94247396235     ,7.86497416788     ,7.77365110773     
URY,Uruguay,-2.2025443869     ,-2.69268398172     ,-2.83935834165     ,-2.85298784245     ,-2.79911222063     ,-2.82488176453     ,-1.93014348807     ,-1.81956321583     ,-1.27120856333     ,-1.17550811686     ,0.570315015433     ,1.19014989837     ,2.52096886519     ,2.42901072858     ,2.09421086399     ,2.08472603298     ,2.137317598     ,2.01580947199     ,1.63318632731     ,1.62452375709     
UZB,Uzbekistan,4.08054752273     ,4.20715900247     ,4.41688827379     ,4.13084281344     ,3.06425508107     ,4.29859540418     ,4.75939662418     ,5.40740546434     ,5.05706006969     ,2.40278162738     ,0.407366866851     ,1.17274244578     ,1.4737716768     ,1.11589538739     ,0.192352005055     ,0.029720178598     ,-0.168034662746     ,-0.0223434908159     ,0.136314474626     ,0.661269191887     
VUT,Vanuatu,-3.49216964425     ,-1.51364486449     ,-1.4370182671     ,-1.85619238115     ,-2.51400483129     ,-0.776848115463     ,-1.05322325549     ,-0.0182878736448     ,-0.861887506123     ,-0.54917807596     ,3.52563021345     ,1.68569284953     ,1.92176350773     ,2.15539212581     ,1.37087297884     ,1.1492077936     ,1.37678847497     ,1.47598114073     ,1.27235108575     ,1.46802570793     
VEN,"Venezuela, Bolivarian ",-7.7635490576     ,-7.53462044412     ,-7.88766013688     ,-7.69021016638     ,-6.99318842927     ,-7.1739842734     ,-7.57135461131     ,-7.16829687824     ,-6.51568026742     ,-6.74824797678     ,-7.96228580442     ,-7.98517242045     ,-8.64160910766     ,-9.36123753592     ,-9.62381783974     ,-9.43876997202     ,-9.50761178606     ,-9.82785809281     ,-9.99221956162     ,-9.50125112869     
VNM,Viet Nam,3.66841126899     ,3.63006643094     ,3.46071134544     ,3.56184964225     ,3.5770521897     ,3.77208705093     ,3.35946869001     ,2.88391979681     ,2.49499531589     ,2.96816142871     ,3.11143270747     ,2.63963601903     ,3.52042112667     ,3.32890461064     ,2.86257971086     ,2.66163780356     ,2.51979928229     ,2.50221795771     ,2.7887450165     ,2.64488159318     
YEM,Yemen,-11.5837542256     ,-11.5629445694     ,-11.7220533999     ,-11.9921190336     ,-11.8481273089     ,-12.1932564214     ,-12.3337968171     ,-12.4733133108     ,-12.0802919625     ,-12.0441799994     ,-11.5674177318     ,-11.3033898218     ,-11.2030792024     ,-10.4136600032     ,-11.2265821708     ,-11.1019882991     ,-9.68671406221     ,-10.5137587921     ,-10.7679980847     ,-11.5947270336     
ZMB,Zambia,0.489006222638     ,0.222193804378     ,0.486291858984     ,0.729583303337     ,2.02594552012     ,1.74036403061     ,1.66624096472     ,0.610921630842     ,1.10319713337     ,0.562416536105     ,0.140615333575     ,-0.0169070373127     ,0.21743567792     ,0.235316478464     ,-0.971689299887     ,-1.41875598068     ,-1.45019446681     ,-0.877473628095     ,-1.08263984525     ,-1.45396892617     
ZWE,Zimbabwe,-0.180884011198     ,-0.92056441906     ,-0.767483004988     ,-1.03279970167     ,-1.70010123098     ,-1.96606661701     ,-2.61580118559     ,-2.71088323207     ,-0.655001575913     ,0.317958261079     ,1.01026454511     ,1.44426087148     ,1.22888696539     ,2.79152489946     ,1.70791327485     ,1.6619655524     ,1.18802154953     ,1.15025577704     ,1.46902704341     ,1.34939896929     
