"","Country","continent","region","ISO3","wbcode","Climate_NominalScore","Climate_AdjustedScore","Hunger_Score","Corruption_Score","Fragile_State","LIFDC","Average_Conflict","GDP","HDI_2014","Corruption_Zscore","Climate_Zscore","Conflict_Zscore","Hunger_Zscore","Climate_Nominal_Zscore","Conflict_Zscore_Reversed","Summary_ZScore","Summary_ZScore_2","Summary_ZScore_3","Summary_ZScore_4","Summary_ZScore_5"
"1","Afghanistan","Asia","Southern Asia","AFG","AFG",33.4016369481,-3.56777640411,35.4,11,1,1,8.91604084825,62.66,0.465,-1.57049122091849,-0.350099424662224,2.21005789484602,1.5111659912492,-1.40041605628445,-2.21005789484602,-1.37688284680891,-1.72698839068298,-1.89027455788225,-1.80523697556523,-1.48545363860147
"2","Aland Islands","Europe","Northern Europe","ALA","ALA",NA,NA,NA,NA,0,0,NA,NA,NA,NA,NA,NA,NA,NA,NA,NA,NA,NA,NA,NA
"3","Albania","Europe","Southern Europe","ALB","ALB",56.2466926616,3.06603796275,13.2,36,0,0,2.51305446425,32.77,0.733,-0.326889575394798,0.0999504635146747,-0.67815795830844,-0.380449693411364,0.292128734007118,0.67815795830844,0.150406282142772,0.214465705640253,0.175634191456821,0.485143346157779,-0.0173804206938399
"4","Algeria","Africa","Northern Africa","DZA","DZA",46.218883185,-9.6830945914,8.7,36,0,0,6.30423783375,570.64,0.736,-0.326889575394798,-0.764973600235323,1.03194343084445,-0.763885305166884,-0.450811747316638,-1.03194343084445,-0.707935535491523,-0.603214917851961,-0.679416503119623,-0.741377589080543,-0.388850661355718
"5","American Samoa","Oceania","Polynesia","ASM","ASM",NA,NA,NA,NA,0,0,NA,NA,NA,NA,NA,NA,NA,NA,NA,NA,NA,NA,NA,NA
"6","Andorra","Europe","Southern Europe","AND","ADO",NA,NA,NA,NA,0,0,NA,NA,0.845,NA,NA,NA,NA,NA,NA,NA,NA,NA,NA,NA
"7","Angola","Africa","Middle Africa","AGO","AGO",36.2648274387,-13.2190373179,32.6,15,0,0,4.930370075,185.25,0.532,-1.3715149576347,-1.00485830919116,0.412228441152299,1.27258383282354,-1.18828796129304,-0.412228441152299,-0.929533902659384,-0.990677120026677,-0.891871699393497,-0.800258201222668,-1.27990145946387
"8","Anguilla","Americas","Caribbean","AIA","AIA",NA,NA,NA,NA,0,0,NA,NA,NA,NA,NA,NA,NA,NA,NA,NA,NA,NA,NA,NA
"9","Antarctica",NA,NA,"ATA","ATA",NA,NA,NA,NA,0,0,NA,NA,NA,NA,NA,NA,NA,NA,NA,NA,NA,NA,NA,NA
"10","Antigua and Barbuda","Americas","Caribbean","ATG","ATG",51.9226862071,-8.08885554431,NA,NA,0,0,NA,2.1,0.783,NA,-0.656817558297461,NA,NA,-0.0282283134666711,NA,NA,NA,NA,NA,NA
"11","Argentina","Americas","South America","ARG","ARG",53.8627200286,110.618733444,2.5,32,0,0,2.6220919415,964.28,0.836,-0.525865838678588,7.39651860631181,-0.628974069495501,-1.29217437025227,0.115504937996965,0.628974069495501,2.49987561237624,0.0728710562712924,0.0515541154084563,0.372239503746233,-0.205180450340812
"12","Armenia","Asia","Western Asia","ARM","ARM",58.0005809587,7.45632024728,11.2,35,0,0,4.396513881,25.22,0.733,-0.376633641215745,0.397795103408175,0.17142019475833,-0.550865520858262,0.422070833393452,-0.17142019475833,-0.0500862441886334,-0.0419943341935412,-0.274026917987038,0.125325319317561,0.0227185960888532
"13","Aruba","Americas","Caribbean","ABW","ABW",NA,NA,NA,NA,0,0,NA,NA,NA,NA,NA,NA,NA,NA,NA,NA,NA,NA,NA,NA
"14","Australia","Oceania","Australia and New Zealand","AUS","AUS",77.2998413126,10.3134145038,NA,79,0,0,1.8102081925,1136.92,0.935,1.81210525490595,0.591625512212079,-0.995193107636793,NA,1.85191469011782,0.995193107636793,1.13297462491827,1.55307101755352,1.40364918127137,1.42355389887731,1.83200997251189
"15","Austria","Europe","Western Europe","AUT","AUT",76.3798750944,9.24307415404,NA,76,0,0,NA,403.77,0.885,1.6628730574431,0.51901169939164,NA,NA,1.78375622075859,NA,NA,NA,NA,NA,1.72331463910085
"16","Austria-Hungary",NA,NA,NA,NA,NA,NA,NA,NA,0,0,NA,NA,NA,NA,NA,NA,NA,NA,NA,NA,NA,NA,NA,NA
"17","Azerbaijan","Asia","Western Asia","AZE","AZE",52.1708112121,-5.75422504676,10,29,0,0,4.91088521175,174.33,0.751,-0.675098036141431,-0.498432029813931,0.40343934063573,-0.6531150173264,-0.00984522480973937,-0.40343934063573,-0.525656468863697,-0.362794200528967,-0.53926868838858,-0.206642282722735,-0.342471630475585
"18","Baden",NA,NA,NA,NA,NA,NA,NA,NA,0,0,NA,NA,NA,NA,NA,NA,NA,NA,NA,NA,NA,NA,NA,NA
"19","Bahamas","Americas","Caribbean","BHS","BHS",54.3290494287,-6.39502484496,NA,NA,0,0,NA,9.23,0.79,NA,-0.541905039695604,NA,NA,0.15005435676825,NA,NA,NA,NA,NA,NA
"20","Bahrain","Asia","Western Asia","BHR","BHR",55.0851250669,-11.938555304,NA,51,0,0,2.61295125325,64.9,0.824,0.419271411919415,-0.917988108233002,-0.633097189416287,NA,0.206070498665665,0.633097189416287,0.0447934977008998,0.419479700000455,0.526184300667851,0.419583844040976,0.31267095529254
"21","Bangladesh","Asia","Southern Asia","BGD","BGD",39.6901949129,-1.79643702133,27.3,25,0,1,4.6182755865,576.99,0.57,-0.874074299425221,-0.229928577686774,0.27145096712545,0.820981890089263,-0.934509290494464,-0.27145096712545,-0.458484614745815,-0.693344852348378,-0.572762633275335,-0.602980128809957,-0.904291794959842
"22","Barbados","Americas","Caribbean","BRB","BRB",60.2770429327,4.78224917052,NA,NA,0,0,NA,4.66,0.785,NA,0.216381316027423,NA,NA,0.590729378275602,NA,NA,NA,NA,NA,NA
"23","Bavaria",NA,NA,NA,NA,NA,NA,NA,NA,0,0,NA,NA,NA,NA,NA,NA,NA,NA,NA,NA,NA,NA,NA,NA
"24","Belarus","Europe","Eastern Europe","BLR","BLR",64.9326331259,6.65003946964,2.5,32,0,0,4.9470515225,168.25,0.798,-0.525865838678588,0.343095566497886,0.419752995826264,-1.29217437025227,0.935652806174125,-0.419752995826264,-0.200841089335655,-0.0033220094435758,-0.472809417252426,0.25794990517393,0.204893483747768
"25","Belgium","Europe","Western Europe","BEL","BEL",69.4719720884,3.01491977814,NA,77,0,0,NA,494.62,0.89,1.71261712326405,0.0964825140070031,NA,NA,1.27196341135276,NA,NA,NA,NA,NA,1.49229026730841
"26","Belize","Americas","Central America","BLZ","BLZ",46.1701749841,-4.63662930452,NA,NA,0,0,NA,3.07,0.715,NA,-0.422612326245686,NA,NA,-0.454420441150073,NA,NA,NA,NA,NA,NA
"27","Benin","Africa","Western Africa","BEN","BEN",38.0143574049,1.44936492379,21.8,37,0,1,3.75,21.16,0.48,-0.27714550957385,-0.00972754074744101,-0.12020492021218,0.352338364610295,-1.05866876198415,0.12020492021218,-0.0555560433697037,-0.405203117115274,-0.078470294680835,-0.469231920885985,-0.667907135779001
"28","Bermuda","Americas","Northern America","BMU","BMU",NA,NA,NA,NA,0,0,NA,NA,NA,NA,NA,NA,NA,NA,NA,NA,NA,NA,NA,NA
"29","Bhutan","Asia","Southern Asia","BTN","BTN",48.655408779,-1.63726037052,NA,65,0,1,2.25523830625,6.38,0.605,1.11568833341268,-0.219129747641832,-0.794451929602159,NA,-0.270294406835837,0.794451929602159,0.563670171791002,0.546615285393001,0.95507013150742,0.262078761383161,0.422696963288422
"30","Bolivia, Plurinational State of","Americas","South America","BOL","BOL",45.0435242805,-3.6090799194,16.9,34,0,0,1.900676231,73.88,0.662,-0.426377707036693,-0.352901529365431,-0.954385395839621,-0.0651804126346042,-0.537891753401224,0.954385395839621,0.0583687198124991,-0.00329468819943191,0.264003844401464,0.208246821219199,-0.482134730218958
"31","Bonaire, Sint Eustatius and Saba","Americas","Caribbean","BES",NA,NA,NA,NA,NA,0,0,NA,NA,NA,NA,NA,NA,NA,NA,NA,NA,NA,NA,NA,NA
"32","Bosnia and Herzegovina","Europe","Southern Europe","BIH","BIH",54.4080130967,1.83451581198,2.5,38,1,0,2.9037963065,39.46,0.733,-0.227401443752903,0.0164017876563004,-0.501904767126075,-1.29217437025227,0.155904618048932,0.501904767126075,0.0969683703431577,0.143469313807368,0.137251661686586,0.328904692587504,-0.0357484128519856
"33","Botswana","Africa","Southern Africa","BWA","BWA",50.5214829324,-6.59950916083,23.1,63,0,0,1.983228378,37.16,0.698,1.01620020177079,-0.555777623159947,-0.917148330917364,0.463108652450778,-0.132040680242013,0.917148330917364,0.459190303176068,0.600435950815379,0.966674266344075,0.392553825337676,0.442079760764386
"34","Bouvet Island",NA,NA,"BVT","BVT",NA,NA,NA,NA,0,0,NA,NA,NA,NA,NA,NA,NA,NA,NA,NA,NA,NA,NA,NA
"35","Brazil","Americas","South America","BRA","BRA",55.2291669116,-1.73580601611,2.5,38,0,0,4.3336923365,3207.86,0.755,-0.227401443752903,-0.225815261333572,0.143083076753841,-1.29217437025227,0.216742272763677,-0.143083076753841,-0.198766593946772,-0.0512474159143555,-0.185242260253372,0.0368295980049181,-0.00532958549461303
"36","British Indian Ocean Territory",NA,NA,"IOT","IOT",NA,NA,NA,NA,0,0,NA,NA,NA,NA,NA,NA,NA,NA,NA,NA,NA,NA,NA,NA
"37","Brunei Darussalam","Asia","South-Eastern Asia","BRN","BRN",58.1743726082,-13.8398812588,NA,NA,0,0,NA,32.9,0.856,NA,-1.04697747785122,NA,NA,0.434946711423532,NA,NA,NA,NA,NA,NA
"38","Bulgaria","Europe","Eastern Europe","BGR","BGR",62.460467068,4.92080769829,8.5,41,0,0,NA,132.59,0.782,-0.0781692462900603,0.225781375552809,NA,-0.780926887911574,0.752494934531831,NA,NA,NA,NA,NA,0.337162844120885
"39","Burkina Faso","Africa","Western Africa","BFA","BFA",38.1796204946,2.68006329251,31.8,38,0,1,3.77045280175,31.18,0.402,-0.227401443752903,0.0737652482562548,-0.110979208534363,1.20441750184478,-1.0464247480055,0.110979208534363,-0.014218995654095,-0.387615661074679,-0.0582111176092699,-0.467722769735567,-0.6369130958792
"40","Burundi","Africa","Eastern Africa","BDI","BDI",32.1518174311,4.022458891,NA,21,1,1,4.31531143475,7.88,0.4,-1.07305056270901,0.164835778056978,0.134791943734679,NA,-1.49301270121419,-0.134791943734679,-0.347668909462237,-0.900285069219292,-0.603921253221845,-0.813902322474433,-1.2830316319616
"41","Cambodia","Asia","South-Eastern Asia","KHM","KHM",42.3151714252,0.425466306199,22.6,21,0,0,2.5,54.17,0.555,-1.07305056270901,-0.079190662997789,-0.68404647787417,0.420504695589054,-0.740029995882562,0.68404647787417,-0.15606491594421,-0.376344693572468,-0.194502042417421,-0.027991759004196,-0.906540279295786
"42","Cameroon","Africa","Middle Africa","CMR","CMR",40.9044830033,-0.102443609147,24.2,27,0,1,5.31902723225,72.11,0.512,-0.774586167783326,-0.115005020353918,0.587541286704555,0.556837357546572,-0.84454509836929,-0.587541286704555,-0.492377491613933,-0.735557517619057,-0.681063727243941,-0.716043192536923,-0.809565633076308
"43","Canada","Americas","Northern America","CAN","CAN",76.125397149,9.22813617923,NA,83,0,0,1.33476907425,1628.41,0.913,2.01108151818974,0.517998280335718,-1.20965097404281,NA,1.76490245536915,1.20965097404281,1.24624359085609,1.66187831586723,1.61036624611627,1.48727671470598,1.88799198677944
"44","Cabo Verde","Africa","Western Africa","CPV","CPV",49.4658053149,0.970632120028,NA,55,0,0,NA,3.48,0.646,0.618247675203205,-0.0422056344782553,NA,NA,-0.210253737550126,NA,NA,NA,NA,NA,0.203996968826539
"45","Cayman Islands","Americas","Caribbean","CYM","CYM",NA,NA,NA,NA,0,0,NA,NA,NA,NA,NA,NA,NA,NA,NA,NA,NA,NA,NA,NA
"46","Central African Republic","Africa","Middle Africa","CAF","CAF",28.9935966768,3.33478678663,46.9,24,1,1,8.63111155775,3.05,0.35,-0.923818365246168,0.118182866691207,2.08153391486278,2.49105699906886,-1.72699900229037,-2.08153391486278,-0.96238980447258,-1.57745042746644,-1.50267614005447,-1.90426645857657,-1.32540868376827
"47","Chad","Africa","Middle Africa","TCD","TCD",28.9205569241,-9.14300989997,46.4,22,1,1,5.07510974825,32,0.392,-1.02330649688806,-0.728333284190547,0.477516635408913,2.44845304220713,-1.73241037245584,-0.477516635408913,-0.743052138829174,-1.07774450158427,-0.750411566148488,-1.10496350393238,-1.37785843467195
"48","Chile","Americas","South America","CHL","CHL",66.523846522,5.98504933403,2.5,70,0,0,1.84513749725,424.3,0.832,1.36440866251742,0.297981440654223,-0.979437432758161,-1.29217437025227,1.05354264534049,0.979437432758161,0.880609178643267,1.13246291353869,1.17192304763779,1.01649003904933,1.20897565392895
"49","China","Asia","Eastern Asia","CHN","CHN",59.7341245534,4.49459970584,8.6,37,0,0,5.414201146,19509.98,0.727,-0.27714550957385,0.196866659412958,0.630471692926626,-0.772406096539229,0.550505634198903,-0.630471692926626,-0.236916847695839,-0.119037189433858,-0.453808601250238,-0.0399830293638615,0.136680062312526
"50","Christmas Island",NA,NA,"CXR","CXR",NA,NA,NA,NA,0,0,NA,NA,NA,NA,NA,NA,NA,NA,NA,NA,NA,NA,NA,NA
"51","Cocos (Keeling) Islands",NA,NA,"CCK","CCK",NA,NA,NA,NA,0,0,NA,NA,NA,NA,NA,NA,NA,NA,NA,NA,NA,NA,NA,NA
"52","Colombia","Americas","South America","COL","COL",55.6466357464,0.306200042647,8.8,37,0,0,4.7262200135,664.98,0.72,-0.27714550957385,-0.0872819006487847,0.320141810213938,-0.755364513794539,0.247671709325842,-0.320141810213938,-0.228189740145524,-0.116538536820649,-0.298643659893894,-0.0362350504440478,-0.014736900124004
"53","Comoros","Africa","Eastern Africa","COM","COM",38.0559040393,3.60394633018,NA,26,1,1,1.27464431625,1.21,0.503,-0.824330233604273,0.136443133828251,-1.23677164380663,NA,-1.05559065438443,1.23677164380663,0.182961514676869,-0.214383081394024,0.206220705101177,0.0905904947111013,-0.939960443994349
"54","Congo, the Democratic Republic of the","Africa","Middle Africa","COD","ZAR",31.5077192807,3.68126850653,NA,22,1,1,8.16604084825,63.27,0.433,-1.02330649688806,0.141688809226368,1.87175296024882,NA,-1.5407326535123,-1.87175296024882,-0.917790215970172,-1.4785973702164,-1.44752972856844,-1.70624280688056,-1.28201957520018
"55","Congo","Africa","Middle Africa","COG","COG",34.976282436,-13.1418242834,26.6,23,0,0,5.39964431625,28.92,0.591,-0.973562431067116,-0.999620038172282,0.623905496477937,0.761336350482849,-1.28375370052025,-0.623905496477937,-0.865695988572445,-0.960407209355101,-0.798733963772527,-0.953829598499093,-1.12865806579368
"56","Cook Islands","Oceania","Polynesia","COK","COK",NA,NA,NA,NA,0,0,NA,NA,NA,NA,NA,NA,NA,NA,NA,NA,NA,NA,NA,NA
"57","Costa Rica","Americas","Central America","CRI","CRI",56.8254543351,0.431103408788,2.5,55,0,0,2.00611155775,74.09,0.766,0.618247675203205,-0.078808231827798,-0.906826340745765,-1.29217437025227,0.335008036539262,0.906826340745765,0.482088594707057,0.620027350829411,0.762537007974485,0.620917188642513,0.476627855871234
"58","Cote d'Ivoire","Africa","Western Africa","CIV","CIV",40.8452584818,-1.08079525435,26.3,32,1,1,3.94402723225,78.34,0.462,-0.525865838678588,-0.181378154145677,-0.0326844267236329,0.735773976365814,-0.848932925502629,0.0326844267236329,-0.224853188700211,-0.447371445819195,-0.246590705977478,-0.408124249389498,-0.687399382090609
"59","Croatia","Europe","Southern Europe","HRV","HRV",61.9241404933,2.25699478284,2.5,51,0,0,NA,90.33,0.818,0.419271411919415,0.0450635202701167,NA,-1.29217437025227,0.712759564161648,NA,NA,NA,NA,NA,0.566015488040531
"60","Cuba","Americas","Caribbean","CUB","CUB",46.8806091481,-12.7343441126,2.5,47,0,0,2.042072798,NA,0.769,0.220295148635625,-0.971975851108656,-0.890605187371351,-1.29217437025227,-0.401785785397722,0.890605187371351,0.0463081616327731,0.236371516869751,0.555450168003488,0.244409700986815,-0.0907453183810486
"61","Curacao","Americas","Caribbean","CUW","CUW",NA,NA,NA,NA,0,0,NA,NA,NA,NA,NA,NA,NA,NA,NA,NA,NA,NA,NA,NA
"62","Cyprus","Asia","Western Asia","CYP","CYP",65.5034065102,2.10273450353,NA,61,0,0,NA,27.91,0.85,0.91671207012889,0.034598225702873,NA,NA,0.977940272230212,NA,NA,NA,NA,NA,0.947326171179551
"63","Czech Republic","Europe","Eastern Europe","CZE","CZE",70.6646603494,7.58373292294,NA,56,0,0,NA,331.44,0.87,0.667991741024153,0.406439008296374,NA,NA,1.36032731503125,NA,NA,NA,NA,NA,1.0141595280277
"64","Czechoslovakia",NA,NA,"CSK",NA,NA,NA,NA,NA,0,0,NA,NA,NA,NA,NA,NA,NA,NA,NA,NA,NA,NA,NA,NA
"65","Denmark","Europe","Northern Europe","DNK","DNK",80.4504164335,13.5619713576,NA,91,0,0,NA,257.15,0.923,2.40903404475732,0.812013447107069,NA,NA,2.0853345414054,NA,NA,NA,NA,NA,2.24718429308136
"66","Djibouti","Africa","Eastern Africa","DJI","DJI",37.0343986724,-4.67396561292,33.2,34,0,1,3.97706418325,3.09,0.47,-0.426377707036693,-0.425145288504067,-0.0177823419938386,1.32370858105761,-1.13127195753746,0.0177823419938386,-0.277913551182307,-0.513289107526773,-0.204297682521427,-0.556744807771813,-0.778824832287079
"67","Dominica","Americas","Caribbean","DMA","DMA",60.8883934442,7.66440811305,NA,NA,0,0,NA,0.82,0.724,NA,0.41191215817362,NA,NA,0.636023123069139,NA,NA,NA,NA,NA,NA
"68","Dominican Republic","Americas","Caribbean","DOM","DOM",49.9053484256,-5.36712854532,10.8,33,0,0,3.0895505285,147.56,0.715,-0.476121772857641,-0.472170707510877,-0.418116007226259,-0.584948686347641,-0.177688861742701,0.418116007226259,-0.17672549104742,-0.0785648757913611,-0.029002882815691,0.120213572741779,-0.326905317300171
"69","Ecuador","Americas","South America","ECU","ECU",47.8321637206,-5.9552740517,14,32,0,0,2.8522519225,181.81,0.732,-0.525865838678588,-0.512071555611237,-0.525155059736706,-0.312283362432605,-0.331286997626709,0.525155059736706,-0.17092744485104,-0.110665925522864,-0.000355389470941214,0.0969340310549981,-0.428576418152649
"70","Egypt","Africa","Northern Africa","EGY","EGY",49.0839598758,-3.98856900123,13.5,36,0,0,7.355759028,995.97,0.69,-0.326889575394798,-0.378646750650962,1.50625650930886,-0.35488731929433,-0.238543907499828,-1.50625650930886,-0.73726427845154,-0.690563330734495,-0.916573042351829,-0.872400208404344,-0.282716741447313
"71","El Salvador","Americas","Central America","SLV","SLV",48.6471154761,-2.20320069701,11.1,39,0,0,2.50336223925,52.88,0.666,-0.177657377931955,-0.257524156433856,-0.682529861701408,-0.559386312230607,-0.270908841170939,0.682529861701408,0.0824494424451989,0.0779878808661711,0.252436241884726,0.205810510265234,-0.224283109551447
"72","Equatorial Guinea","Africa","Middle Africa","GNQ","GNQ",39.532426143,-23.707519751,NA,NA,0,0,2.66604084825,25.94,0.587,NA,-1.71641580614842,-0.609149893463932,NA,-0.946198065208511,0.609149893463932,NA,NA,NA,-0.16852408587229,NA
"73","Eritrea","Africa","Eastern Africa","ERI","ERI",24.8707182396,-9.80110326525,NA,18,1,1,6.3442933005,7.94,0.391,-1.22228276017185,-0.772979520740939,1.05001138025661,NA,-2.03245487455443,-1.05001138025661,-1.0150912203898,-1.43491633832763,-1.13614707021423,-1.54123312740552,-1.62736881736314
"74","Estonia","Europe","Northern Europe","EST","EST",69.5495884373,7.45862753038,2.5,70,0,0,NA,37.88,0.861,1.36440866251742,0.397951633640063,NA,-1.29217437025227,1.27771385243812,NA,NA,NA,NA,NA,1.32106125747777
"75","Ethiopia","Africa","Eastern Africa","ETH","ETH",38.8612793399,4.41087274757,33.9,33,0,1,6.8102081925,159.22,0.442,-0.476121772857641,0.19118647209945,1.26017312301116,1.38335412066402,-0.995921998446129,-1.26017312301116,-0.515036141256452,-0.910738964771645,-0.868147447934402,-1.12804756072865,-0.736021885651885
"76","Falkland Islands (Malvinas)","Americas","South America","FLK","FLK",NA,NA,NA,NA,0,0,NA,NA,NA,NA,NA,NA,NA,NA,NA,NA,NA,NA,NA,NA
"77","Faroe Islands","Europe","Northern Europe","FRO","FRO",NA,NA,NA,NA,0,0,NA,NA,NA,NA,NA,NA,NA,NA,NA,NA,NA,NA,NA,NA
"78","Fiji","Oceania","Melanesia","FJI","FJI",49.377754442,-1.20776419468,8.7,NA,0,0,2.049500265,7.8,0.727,NA,-0.189991955231658,-0.887254855721141,-0.763885305166884,-0.216777251787803,0.887254855721141,NA,NA,NA,0.335238801966669,NA
"79","Finland","Europe","Northern Europe","FIN","FIN",78.8178120526,12.9167756534,NA,90,0,0,NA,224.71,0.883,2.35928997893637,0.768242211062539,NA,NA,1.96437812640893,NA,NA,NA,NA,NA,2.16183405267265
"80","France","Europe","Western Europe","FRA","FRA",74.5022038494,8.94212838304,NA,70,0,0,NA,2646.95,0.888,1.36440866251742,0.498594997461832,NA,NA,1.6446432886887,NA,NA,NA,NA,NA,1.50452597560306
"81","French Guiana","Americas","South America","GUF","GUF",NA,NA,NA,NA,0,0,NA,NA,NA,NA,NA,NA,NA,NA,NA,NA,NA,NA,NA,NA
"82","French Polynesia","Oceania","Polynesia","PYF","PYF",NA,NA,NA,NA,0,0,NA,NA,NA,NA,NA,NA,NA,NA,NA,NA,NA,NA,NA,NA
"83","French Southern Territories",NA,NA,"ATF","ATF",NA,NA,NA,NA,0,0,NA,NA,NA,NA,NA,NA,NA,NA,NA,NA,NA,NA,NA,NA
"84","Gabon","Africa","Middle Africa","GAB","GAB",45.5853220786,-13.1345363987,12.5,34,0,0,2.65125144975,34.41,0.684,-0.426377707036693,-0.999125614977285,-0.61582099545363,-0.440095233017779,-0.497751030959313,0.61582099545363,-0.269894108853449,-0.102769247514125,0.0947216442084687,0.0590349822471588,-0.462064368998003
"85","Gambia","Africa","Western Africa","GMB","GMB",35.929138182,0.744652423199,21.5,28,0,1,2.57510974825,3.27,0.441,-0.724842101962378,-0.0575365032158862,-0.650166479915066,0.32677599049326,-1.21315851138973,0.650166479915066,-0.0440707084210662,-0.429278044479015,-0.0373378110236561,-0.281496015737334,-0.969000306676056
"86","Georgia","Asia","Western Asia","GEO","GEO",59.2566605874,9.31613417146,8.5,52,0,0,3.686561477,35.37,0.754,0.469015477740363,0.523968222268484,-0.148820340711457,-0.780926887911574,0.515131277561738,0.148820340711457,0.380601346906768,0.377655698671186,0.30891790922591,0.331975809136598,0.49207337765105
"87","German Democratic Republic",NA,NA,"DDR",NA,NA,NA,NA,NA,0,0,NA,NA,NA,NA,NA,NA,NA,NA,NA,NA,NA,NA,NA,NA
"88","Federal Republic of Germany",NA,NA,NA,NA,NA,NA,NA,NA,0,0,NA,NA,NA,NA,NA,NA,NA,NA,NA,NA,NA,NA,NA,NA
"89","Germany","Europe","Western Europe","DEU","DEU",78.9234419893,11.8875104131,NA,81,0,0,NA,3842,0.916,1.91159338654784,0.698415007483334,NA,NA,1.97220403855826,NA,NA,NA,NA,NA,1.94189871255305
"90","Ghana","Africa","Western Africa","GHA","GHA",47.9188232911,3.86443831925,15.5,47,0,1,2.289201146,113.35,0.579,0.220295148635625,0.154115378493039,-0.779132201228348,-0.184471491847432,-0.324866562219673,0.779132201228348,0.38451424278567,0.224853595881433,0.499713674931986,0.227132819504337,-0.0522857067920241
"91","Gibraltar","Europe","Southern Europe","GIB","GIB",NA,NA,NA,NA,0,0,NA,NA,NA,NA,NA,NA,NA,NA,NA,NA,NA,NA,NA,NA
"92","Greece","Europe","Southern Europe","GRC","GRC",63.5283546625,1.95386309794,NA,46,0,0,NA,281.57,0.865,0.170551082814677,0.024498522013059,NA,NA,0.831612604777646,NA,NA,NA,NA,NA,0.501081843796162
"93","Greenland","Americas","Northern America","GRL","GRL",NA,NA,NA,NA,0,0,NA,NA,NA,NA,NA,NA,NA,NA,NA,NA,NA,NA,NA,NA
"94","Grenada","Americas","Caribbean","GRD","GRD",56.3585695684,2.08426563529,NA,NA,0,0,NA,1.39,0.75,NA,0.0333452644913431,NA,NA,0.30041747175996,NA,NA,NA,NA,NA,NA
"95","Guadeloupe","Americas","Caribbean","GLP","GLP",NA,NA,NA,NA,0,0,NA,NA,NA,NA,NA,NA,NA,NA,NA,NA,NA,NA,NA,NA
"96","Guam","Oceania","Micronesia","GUM","GUM",NA,NA,NA,NA,0,0,NA,NA,NA,NA,NA,NA,NA,NA,NA,NA,NA,NA,NA,NA
"97","Guatemala","Americas","Central America","GTM","GTM",45.9517691719,-3.82604554409,21.1,28,0,0,4.2011416765,125.58,0.627,-0.724842101962378,-0.367620867250097,0.0832930202710205,0.292692825003881,-0.470601693857199,-0.0832930202710205,-0.391918663161165,-0.426245605363532,-0.404067561116699,-0.27694735706411,-0.597721897909788
"98","Guernsey","Europe","Northern Europe","GGY","GGY",NA,NA,NA,NA,0,0,NA,NA,NA,NA,NA,NA,NA,NA,NA,NA,NA,NA,NA,NA
"99","Guinea","Africa","Western Africa","GIN","GIN",37.1487912256,4.68615265575,28.8,25,0,1,3.40026606825,15.28,0.411,-0.874074299425221,0.209861955771809,-0.277960540088318,0.948793760674436,-1.12279684054082,0.277960540088318,-0.128750601188365,-0.57297019995924,-0.298056879668451,-0.42241815022625,-0.99843556998302
"100","Guinea-Bissau","Africa","Western Africa","GNB","GNB",33.125698144,-0.606927184705,30.3,17,1,1,1.95976907425,2.68,0.42,-1.2720268259928,-0.149230092719701,-0.927730195211817,1.07660563125961,-1.4208598140575,0.927730195211817,-0.164508907833562,-0.588385481612829,-0.172148315390492,-0.246564809422843,-1.34644332002515
"101","Guyana","Americas","South America","GUY","GUY",43.8935545551,-5.57784232001,14.4,29,0,0,2.26406153325,5.77,0.636,-0.675098036141431,-0.486465908656437,-0.790472007957931,-0.278200196943226,-0.623090725648361,0.790472007957931,-0.123697312279979,-0.169238917943954,0.0576869859082502,0.083690641154785,-0.649094380894896
"102","Haiti","Americas","Caribbean","HTI","HTI",33.3202285706,-2.53959617042,37.3,17,1,1,2.57510974825,19.02,0.483,-1.2720268259928,-0.280345829881292,-0.650166479915066,1.67306102732375,-1.40644744123495,0.650166479915066,-0.300735391986342,-0.676102595770894,-0.310930173038867,-0.37814048065994,-1.33923713361387
"103","Hanover",NA,NA,NA,NA,NA,NA,NA,NA,0,0,NA,NA,NA,NA,NA,NA,NA,NA,NA,NA,NA,NA,NA,NA
"104","Heard Island and McDonald Islands",NA,NA,"HMD","HMD",NA,NA,NA,NA,0,0,NA,NA,NA,NA,NA,NA,NA,NA,NA,NA,NA,NA,NA,NA
"105","Hesse Electoral",NA,NA,NA,NA,NA,NA,NA,NA,0,0,NA,NA,NA,NA,NA,NA,NA,NA,NA,NA,NA,NA,NA,NA
"106","Hesse Grand Ducal",NA,NA,NA,NA,NA,NA,NA,NA,0,0,NA,NA,NA,NA,NA,NA,NA,NA,NA,NA,NA,NA,NA,NA
"107","Holy See (Vatican City State)","Europe","Southern Europe","VAT","VAT",NA,NA,NA,NA,0,0,NA,NA,NA,NA,NA,NA,NA,NA,NA,NA,NA,NA,NA,NA
"108","Honduras","Americas","Central America","HND","HND",43.3265891146,-1.81316627807,13.4,31,0,1,2.2272519225,41,0.606,-0.575609904499536,-0.231063520527914,-0.8070758385677,-0.363408110666675,-0.665096068713757,0.8070758385677,0.000134137846750241,-0.144543378215197,0.115732967034082,0.0709898849269718,-0.620352986606646
"109","Hong Kong","Asia","Eastern Asia","HKG","HKG",NA,NA,NA,75,0,0,NA,414.48,0.91,1.61312899162216,NA,NA,NA,NA,NA,NA,NA,NA,NA,NA
"110","Hungary","Europe","Eastern Europe","HUN","HUN",63.5096378971,2.28900148976,NA,51,0,0,NA,257.02,0.828,0.419271411919415,0.0472349127863464,NA,NA,0.830225916814782,NA,NA,NA,NA,NA,0.624748664367098
"111","Iceland","Europe","Northern Europe","ISL","ISL",75.8802196617,9.34140503195,NA,79,0,0,NA,15.17,0.899,1.81210525490595,0.525682642858013,NA,NA,1.74673774244262,NA,NA,NA,NA,NA,1.77942149867428
"112","India","Asia","Southern Asia","IND","IND",45.2002844464,-2.03239713566,29,38,0,1,6.99727968425,8027.03,0.609,-0.227401443752903,-0.245936535883333,1.34455606805314,0.965835343419126,-0.526277704153688,-1.34455606805314,-0.605964682563126,-0.699411738653244,-0.785978755903022,-0.935416886103415,-0.376839573953296
"113","Indonesia","Asia","South-Eastern Asia","IDN","IDN",50.3766216927,-2.68422619771,22.1,36,0,0,2.50336223925,2838.64,0.684,-0.326889575394798,-0.290157790845116,-0.682529861701408,0.37790073872733,-0.142773161687638,0.682529861701408,0.0218274984871648,0.0709557082063241,0.177820143153305,0.269878350006885,-0.234831368541218
"114","Iran, Islamic Republic of","Asia","Southern Asia","IRN","IRN",53.4190469638,-3.87351239094,6.8,27,0,0,6.132054639,1381.67,0.766,-0.774586167783326,-0.370841103442365,0.954276198259602,-0.925780341241436,0.0826340820954761,-0.954276198259602,-0.699901156495098,-0.548742761315817,-0.864431183021464,-0.435821058082063,-0.345976042843925
"115","Iraq","Asia","Western Asia","IRQ","IRQ",40.6904451543,-15.4122128917,22.2,16,1,0,9.38805446425,531.39,0.654,-1.32177089181375,-1.15364728144095,2.4229706088325,0.386421530099674,-0.860402737360999,-2.4229706088325,-1.63279626069573,-1.53504807933575,-1.87237075032313,-1.64168667309675,-1.09108681458737
"116","Ireland","Europe","Northern Europe","IRL","IRL",73.0150368801,5.30352694362,NA,75,0,0,NA,250.29,0.916,1.61312899162216,0.251745736935059,NA,NA,1.53446204256921,NA,NA,NA,NA,NA,1.57379551709568
"117","Isle of Man","Europe","Northern Europe","IMN","IMY",NA,NA,NA,NA,0,0,NA,NA,NA,NA,NA,NA,NA,NA,NA,NA,NA,NA,NA,NA
"118","Israel","Asia","Western Asia","ISR","ISR",65.0157179578,1.1427784683,NA,61,0,0,8.12836223925,281.76,0.894,0.91671207012889,-0.0305269168498411,1.85475714777754,NA,0.941808396300417,-1.85475714777754,-0.322857331499498,0.00125443955058757,-0.469022538824327,-0.456474375738564,0.929260233214654
"119","Italy","Europe","Southern Europe","ITA","ITA",66.3336431646,1.89729017761,NA,44,0,0,NA,2173.6,0.873,0.0710629511727823,0.0206605134315183,NA,NA,1.03945085647814,NA,NA,NA,NA,NA,0.555256903825461
"120","Jamaica","Americas","Caribbean","JAM","JAM",51.4727958823,-0.126271316618,8.1,41,0,0,3.09410555775,24.6,0.719,-0.0781692462900603,-0.116621534849169,-0.416061355396246,-0.815010053400953,-0.0615597938093892,0.416061355396246,0.0737568580856723,0.0921107717655988,0.168946054553093,0.177250780793428,-0.0698645200497247
"121","Japan","Asia","Eastern Asia","JPN","JPN",73.1880647767,8.04154029259,NA,75,0,0,1.56902723225,4842.4,0.891,1.61312899162216,0.437497482972244,-1.10398338628141,NA,1.54728133566432,1.10398338628141,1.05153662029194,1.4214645711893,1.35855618895178,1.32563236097287,1.58020516364324
"122","Jersey","Europe","Northern Europe","JEY","JEY",NA,NA,NA,NA,0,0,NA,NA,NA,NA,NA,NA,NA,NA,NA,NA,NA,NA,NA,NA
"123","Jordan","Asia","Western Asia","JOR","JOR",51.866744475,-2.49187386779,5.8,53,0,0,5.47537585525,82.99,0.748,0.51875954356131,-0.277108263109832,0.658065967609057,-1.01098825496489,-0.0323729252554616,-0.658065967609057,-0.138804895719193,-0.0572264497677363,-0.0696532120238736,-0.345219446432259,0.243193309152924
"124","Kazakhstan","Asia","Central Asia","KAZ","KAZ",62.8867855147,1.87737290077,8,28,0,0,3.62268984725,430.5,0.788,-0.724842101962378,0.0193092895776507,-0.177631124078377,-0.823530844773298,0.78408002125766,0.177631124078377,-0.17596722943545,0.0789563477912195,-0.273605488942001,0.480855572668018,0.0296189596476408
"125","Kenya","Africa","Eastern Africa","KEN","KEN",37.7441068997,-3.20808579989,24,25,0,1,7.386214762,143.05,0.548,-0.874074299425221,-0.325697367677305,1.5199942761075,0.539795774801882,-1.07869108499296,-1.5199942761075,-0.906588647736675,-1.15758655350856,-1.19703428776636,-1.29934268055023,-0.97638269220909
"126","Kiribati","Oceania","Micronesia","KIR","KIR",NA,NA,NA,NA,1,0,NA,0.2,0.59,NA,NA,NA,NA,NA,NA,NA,NA,NA,NA,NA
"127","Korea",NA,NA,NA,NA,NA,NA,28.8,NA,0,0,NA,1849.4,NA,NA,NA,NA,0.948793760674436,NA,NA,NA,NA,NA,NA,NA
"128","Korea, Democratic People's Republic of","Asia","Eastern Asia","PRK","PRK",NA,NA,NA,8,0,1,3.539201146,NA,NA,-1.71972341838133,NA,-0.215290643566358,NA,NA,0.215290643566358,NA,NA,-0.752216387407485,NA,NA
"129","Korea, Republic of","Asia","Eastern Asia","KOR","KOR",74.8843957172,10.2902667771,NA,56,0,0,1.39545280175,NA,0.898,0.667991741024153,0.590055128834316,-1.18227816809214,NA,1.67295912485251,1.18227816809214,0.81344167931687,1.1744096779896,0.925134954558148,1.42761864647233,1.17047543293833
"130","Kosovo",NA,NA,NA,"KSV",NA,NA,NA,33,1,0,NA,17.63,NA,-0.476121772857641,NA,NA,NA,NA,NA,NA,NA,NA,NA,NA
"131","Kuwait","Asia","Western Asia","KWT","KWT",54.6631494514,-17.5056713638,5,49,0,0,1.39545280175,288.76,0.816,0.31978328027752,-1.29567126631129,-1.18227816809214,-1.07915458594364,0.174807163675305,1.18227816809214,0.0687967273527906,0.558956204014989,0.751030724184831,0.678542665883724,0.247295221976412
"132","Kyrgyzstan","Asia","Central Asia","KGZ","KGZ",54.3736163265,12.3014727791,9.4,28,0,1,2.66604084825,19.81,0.655,-0.724842101962378,0.726498958318384,-0.609149893463932,-0.70423976556047,0.153356229682758,0.609149893463932,0.203602249939979,0.0125546737281038,-0.0578461042492233,0.381253061573345,-0.28574293613981
"133","Lao People's Democratic Republic","Asia","South-Eastern Asia","LAO","LAO",44.7482356246,-1.81437508298,28.5,25,0,0,2.6041280605,37.5,0.575,-0.874074299425221,-0.231145528025334,-0.637077095611256,0.923231386557401,-0.559769103250732,0.637077095611256,-0.156047577279766,-0.265588769021566,-0.118498601906982,0.0386539961802621,-0.716921701337977
"134","Latvia","Europe","Northern Europe","LVA","LVA",65.6429081259,4.89784063075,2.5,55,0,0,NA,49.89,0.819,0.618247675203205,0.22422324841712,NA,-1.29217437025227,0.988275669781935,NA,NA,NA,NA,NA,0.80326167249257
"135","Lebanon","Asia","Western Asia","LBN","LBN",52.3290118906,-5.56689442279,6.4,28,0,0,6.52464431625,83.86,0.769,-0.724842101962378,-0.485723183634729,1.13136289837373,-0.959863506730816,0.00187554915438533,-1.13136289837373,-0.780642727990278,-0.618109817060574,-0.928102500168053,-0.564743674609671,-0.361483276403996
"136","Lesotho","Africa","Southern Africa","LSO","LSO",38.9724705441,-0.761493540835,23.5,44,0,1,2.8087422875,5.78,0.497,0.0710629511727823,-0.15971615208846,-0.544781092034069,0.497191817940158,-0.987684063036598,0.544781092034069,0.152042630372797,-0.123946673276582,0.307922021603426,-0.221451485501264,-0.458310555931908
"137","Liberia","Africa","Western Africa","LBR","LBR",35.5121916748,6.5436651193,30.8,37,1,1,1.51593763725,3.78,0.43,-0.27714550957385,0.335878939407058,-1.12793068223377,1.11920958812133,-1.24404924973775,1.12793068223377,0.395554704022325,-0.131088025692612,0.425392586329959,-0.0580592837519923,-0.760597379655802
"138","Libya","Africa","Northern Africa","LBY","LBY",43.023712332,-13.791210737,NA,16,1,0,9.27625144975,92.88,0.724,-1.32177089181375,-1.04367558218724,2.37253926015491,NA,-0.687535607794721,-2.37253926015491,-1.57932857805197,-1.46061525325446,-1.84715507598433,-1.53003743397482,-1.00465324980423
"139","Liechtenstein","Europe","Western Europe","LIE","LIE",NA,NA,NA,NA,0,0,NA,NA,0.908,NA,NA,NA,NA,NA,NA,NA,NA,NA,NA,NA
"140","Lithuania","Europe","Northern Europe","LTU","LTU",67.8341529573,5.80113527457,2.5,61,0,0,NA,82.14,0.839,0.91671207012889,0.285504380351236,NA,-1.29217437025227,1.15062064587441,NA,NA,NA,NA,NA,1.03366635800165
"141","Luxembourg","Europe","Western Europe","LUX","LUX",72.6503512369,-1.20829068193,NA,81,0,0,NA,56.58,0.892,1.91159338654784,-0.190027673072841,NA,NA,1.50744320780544,NA,NA,NA,NA,NA,1.70951829717664
"142","Macao","Asia","Eastern Asia","MAC","MAC",NA,NA,NA,NA,0,0,NA,NA,NA,NA,NA,NA,NA,NA,NA,NA,NA,NA,NA,NA
"143","Macedonia, the former Yugoslav Republic of","Europe","Southern Europe","MKD","MKD",59.8170873102,4.82387793338,5.9,42,0,0,2.91803317625,28.89,NA,-0.0284251804691128,0.219205486110276,-0.495482896073219,-1.00246746359254,0.556652180023568,0.495482896073219,0.228754400571461,0.341236631875891,0.233528857802053,0.526067538048394,0.264113499777228
"144","Madagascar","Africa","Eastern Africa","MDG","MDG",35.074770813,0.996303197038,36.3,28,1,1,2.12227968425,35.56,0.51,-0.724842101962378,-0.0404640624807863,-0.854426006828617,1.5878531136003,-1.27645689234056,0.854426006828617,0.029706614128484,-0.382290995824775,0.0647919524331192,-0.211015442755974,-1.00064949715147
"145","Malawi","Africa","Eastern Africa","MWI","MWI",37.8529552712,9.10353097474,27.3,31,0,1,2.63111155775,20.56,0.445,-0.575609904499536,0.509544839336957,-0.62490556191477,0.820981890089263,-1.07062672540354,0.62490556191477,0.186280165584064,-0.340443689329434,0.0246478287076172,-0.222860581744383,-0.823118314951536
"146","Malaysia","Asia","South-Eastern Asia","MYS","MYS",63.0943169363,1.79526069149,10.3,50,0,0,3.292072798,813.52,0.779,0.369527346098467,0.0137386497374657,-0.326763629709362,-0.627552643209366,0.799455611969978,0.326763629709362,0.236676541848432,0.498582195925936,0.348145487903915,0.56310962083967,0.584491479034223
"147","Maldives","Asia","Southern Asia","MDV","MDV",49.9373426461,-6.20739255869,NA,NA,0,0,NA,4.73,0.706,NA,-0.529175728203857,NA,NA,-0.175318473510524,NA,NA,NA,NA,NA,NA
"148","Mali","Africa","Western Africa","MLI","MLI",37.1717433071,2.07065762452,29.6,35,1,1,6.30785580275,29.15,0.419,-0.376633641215745,0.0324220725859526,1.03357539986567,1.0169600916532,-1.12109636642264,-1.03357539986567,-0.459262322831822,-0.84376846916802,-0.70510452054071,-1.07733588314416,-0.748865003819192
"149","Malta","Europe","Southern Europe","MLT","MLT",61.7884393663,-1.33457112653,NA,56,0,0,NA,14.75,0.839,0.667991741024153,-0.198594765371213,NA,NA,0.702705737267068,NA,NA,NA,NA,NA,0.68534873914561
"150","Marshall Islands","Oceania","Micronesia","MHL","MHL",NA,NA,NA,NA,1,0,NA,0.19,NA,NA,NA,NA,NA,NA,NA,NA,NA,NA,NA,NA
"151","Martinique","Americas","Caribbean","MTQ","MTQ",NA,NA,NA,NA,0,0,NA,NA,NA,NA,NA,NA,NA,NA,NA,NA,NA,NA,NA,NA
"152","Mauritania","Africa","Western Africa","MRT","MRT",33.3567473149,-10.2731008639,22.6,31,0,1,5.33844811525,16.43,0.506,-0.575609904499536,-0.805000686053219,0.596301527442068,0.420504695589054,-1.40374184002355,-0.596301527442068,-0.658970705998274,-0.85855109065505,-0.585955715970802,-1.00002168373281,-0.989675872261541
"153","Mauritius","Africa","Eastern Africa","MUS","MUS",59.9492107647,1.45885687455,12.9,53,0,0,2.06611013775,24.51,0.777,0.51875954356131,-0.0090835897500391,-0.879762586501999,-0.406012067528399,0.56644094427058,0.879762586501999,0.463146180104423,0.65498769144463,0.699261065031654,0.723101765386289,0.542600243915945
"154","Mayotte","Africa","Eastern Africa","MYT","MYT",NA,NA,NA,NA,0,0,NA,NA,NA,NA,NA,NA,NA,NA,NA,NA,NA,NA,NA,NA
"155","Mecklenburg Schwerin",NA,NA,NA,NA,NA,NA,NA,NA,0,0,NA,NA,NA,NA,NA,NA,NA,NA,NA,NA,NA,NA,NA,NA
"156","Mexico","Americas","Central America","MEX","MEX",56.1452777765,-1.5351287579,7.3,35,0,0,5.2072242175,2220.13,0.756,-0.376633641215745,-0.21220095550249,0.537109937914199,-0.883176384379712,0.284615106656558,-0.537109937914199,-0.375314844877478,-0.209709490824462,-0.456871789564972,-0.12624741562882,-0.0460092672795937
"157","Micronesia, Federated States of","Oceania","Micronesia","FSM","FSM",NA,NA,NA,NA,1,0,NA,0.31,0.64,NA,NA,NA,NA,NA,NA,NA,NA,NA,NA,NA
"158","Modena",NA,NA,NA,NA,NA,NA,NA,NA,0,0,NA,NA,NA,NA,NA,NA,NA,NA,NA,NA,NA,NA,NA,NA
"159","Moldova, Republic of","Europe","Eastern Europe","MDA","MDA",53.9877386886,8.05048090219,9.1,33,0,0,4.8594666925,17.78,0.693,-0.476121772857641,0.438104029994544,0.380245822246456,-0.729802139677504,0.124767322134955,-0.380245822246456,-0.139421188369851,-0.243866757656381,-0.428183797552048,-0.12773925005575,-0.175677225361343
"160","Monaco","Europe","Western Europe","MCO","MCO",NA,NA,NA,NA,0,0,NA,NA,NA,NA,NA,NA,NA,NA,NA,NA,NA,NA,NA,NA
"161","Mongolia","Asia","Eastern Asia","MNG","MNG",55.6466071751,1.37116823207,14.7,39,0,1,3.5822242175,36.43,0.727,-0.177657377931955,-0.0150325448398373,-0.195884087046388,-0.252637822826191,0.24766959253499,0.195884087046388,0.00106472142486501,0.0886321005498073,0.00911335455721615,0.221776839790689,0.0350061073015172
"162","Montenegro","Europe","Southern Europe","MNE","MNE",59.8812475552,3.40313214319,2.5,44,0,0,2.658164888,9.83,0.802,0.0710629511727823,0.122819538502661,-0.612702528420287,-1.29217437025227,0.56140568510495,0.612702528420287,0.268861672698577,0.41505705489934,0.341882739796534,0.587054106762618,0.316234318138866
"163","Montserrat","Americas","Caribbean","MSR","MSR",NA,NA,NA,NA,0,0,NA,NA,NA,NA,NA,NA,NA,NA,NA,NA,NA,NA,NA,NA
"164","Morocco","Africa","Northern Africa","MAR","MAR",50.5745559156,1.00500281442,9.5,36,0,0,4.011214762,274.53,0.628,-0.326889575394798,-0.0398738648036384,-0.00237792957987189,-0.695718974188125,-0.128108608359723,0.00237792957987189,-0.121461836872855,-0.150873418058216,-0.162255822907463,-0.0628653393899254,-0.22749909187726
"165","Mozambique","Africa","Eastern Africa","MOZ","MOZ",38.148403059,6.29992598967,32.5,31,0,1,2.69111013775,33.73,0.416,-0.575609904499536,0.319343238832995,-0.597841807671004,1.2640630414512,-1.04873758578771,0.597841807671004,0.113858380668154,-0.342168560872082,0.0111159515857342,-0.225447889058355,-0.812173745143625
"166","Myanmar","Asia","South-Eastern Asia","MMR","MMR",36.1200740978,92.8760875127,23.5,22,1,0,6.208356459,267.74,0.536,-1.02330649688806,6.19282562128735,0.988693907892598,0.497191817940158,-1.19901244873094,-0.988693907892598,1.39360840550223,-1.0703376178372,-1.00600020239033,-1.09385317831177,-1.1111594728095
"167","Namibia","Africa","Southern Africa","NAM","NAM",44.9276788502,-7.39747077974,31.8,53,0,0,2.550320557,24.84,0.628,0.51875954356131,-0.609912773391757,-0.661348220881131,1.20441750184478,-0.546474511175698,0.661348220881131,0.190064997016895,0.211211084422247,0.59005388222122,0.0574368548527161,-0.0138574838071942
"168","Nauru","Oceania","Micronesia","NRU","NRU",NA,NA,NA,NA,0,0,NA,NA,NA,NA,NA,NA,NA,NA,NA,NA,NA,NA,NA,NA
"169","Nepal","Asia","Southern Asia","NPL","NPL",44.9094167085,6.05771202482,22.2,27,0,1,3.6763763635,70.08,0.548,-0.774586167783326,0.302911008178457,-0.1534145729201,0.386421530099674,-0.547827516971856,0.1534145729201,-0.106086862228256,-0.389666370611694,-0.310585797431613,-0.197206472025878,-0.661206842377591
"170","Netherlands","Europe","Western Europe","NLD","NLD",73.7111187201,6.28029348562,NA,87,0,0,NA,831.41,0.922,2.21005778147353,0.318011334476962,NA,NA,1.58603336315095,NA,NA,NA,NA,NA,1.89804557231224
"171","Netherlands Antilles","Americas","Caribbean","ANT","ANT",NA,NA,NA,NA,0,0,NA,NA,NA,NA,NA,NA,NA,NA,NA,NA,NA,NA,NA,NA
"172","New Caledonia","Oceania","Melanesia","NCL","NCL",NA,NA,NA,NA,0,0,NA,NA,NA,NA,NA,NA,NA,NA,NA,NA,NA,NA,NA,NA
"173","New Zealand","Oceania","Australia and New Zealand","NZL","NZL",81.869972945,17.3524232257,NA,88,0,0,1.242466418,165.99,0.913,2.25980184729447,1.06916451360364,-1.25128623282388,NA,2.19050666303187,1.25128623282388,1.526750864574,1.90053158105008,1.75554404005918,1.72089644792788,2.22515425516317
"174","Nicaragua","Americas","Central America","NIC","NIC",46.0207063977,0.207440700038,13.6,27,0,1,2.5942933005,31.18,0.631,-0.774586167783326,-0.0939819119303248,-0.641513292729362,-0.346366527921985,-0.465494271759033,0.641513292729362,-0.0756849289947629,-0.199522382270999,-0.0665364375269819,0.0880095104851645,-0.620040219771179
"175","Niger","Africa","Western Africa","NER","NER",34.9930842595,4.98282187397,34.5,34,0,1,4.8594666925,18.96,0.348,-0.426377707036693,0.229988528675693,0.380245822246456,1.43447886889809,-1.28250888679824,-0.380245822246456,-0.192211666869152,-0.696377472027128,-0.403311764641574,-0.831377354522346,-0.854443296917464
"176","Nigeria","Africa","Western Africa","NGA","NGA",38.4319046977,-9.13496991843,32.8,26,0,1,6.3720919415,1105.34,0.514,-0.824330233604273,-0.727787837394342,1.06255060349047,1.28962541556823,-1.02773351262464,-1.06255060349047,-0.871556224829694,-0.971538116573127,-0.94344041854737,-1.04514205805755,-0.926031873114458
"177","Niue","Oceania","Polynesia","NIU","NIU",NA,NA,NA,NA,0,0,NA,NA,NA,NA,NA,NA,NA,NA,NA,NA,NA,NA,NA,NA
"178","Norfolk Island","Oceania","Australia and New Zealand","NFK","NFK",NA,NA,NA,NA,0,0,NA,NA,NA,NA,NA,NA,NA,NA,NA,NA,NA,NA,NA,NA
"179","Northern Mariana Islands","Oceania","Micronesia","MNP","MNP",NA,NA,NA,NA,0,0,NA,NA,NA,NA,NA,NA,NA,NA,NA,NA,NA,NA,NA,NA
"180","Norway","Europe","Northern Europe","NOR","NOR",81.4526337969,10.7193213944,NA,87,0,0,2.10309613225,352.78,0.944,2.21005778147353,0.619162965119618,-0.863079193901552,NA,2.15958683469965,0.863079193901552,1.23076664683157,1.74424127002491,1.53656848768754,1.5113330143006,2.18482230808659
"181","Oman","Asia","Western Asia","OMN","OMN",56.9078306063,-9.05882420837,NA,45,0,0,2.03247506175,171.75,0.793,0.12080701699373,-0.722621975583549,-0.894934469417134,NA,0.341111130811027,0.894934469417134,0.097706503609105,0.45228420574063,0.507870743205432,0.618022800114081,0.230959073902378
"182","Pakistan","Asia","Southern Asia","PAK","PAK",43.5967399424,-2.07186664435,33.9,30,0,0,8.6094666925,930.76,0.538,-0.625353970320483,-0.248614218282929,2.07177049523242,1.38335412066402,-0.64508113060548,-2.07177049523242,-0.981912894611945,-1.1140685320528,-1.34856223277645,-1.35842581291895,-0.635217550462981
"183","Palau","Oceania","Micronesia","PLW","PLW",NA,NA,NA,NA,0,0,NA,0.26,0.78,NA,NA,NA,NA,NA,NA,NA,NA,NA,NA,NA
"184","Palestine, State of","Asia","Western Asia","PSE","WBG",NA,NA,NA,NA,1,0,5.2719240075,NA,0.677,NA,NA,0.566294282213401,NA,NA,-0.566294282213401,NA,NA,NA,NA,NA
"185","Panama","Americas","Central America","PAN","PAN",54.8903948254,-4.71678676956,9.6,39,0,0,2.21084218675,82.18,0.78,-0.177657377931955,-0.428050352723788,-0.814477831340582,-0.68719818281578,0.191643321954151,0.814477831340582,0.0695900335616129,0.276154591787592,0.318410226704313,0.503060576647366,0.00699297201109796
"186","Papua New Guinea","Oceania","Melanesia","PNG","PNG",33.3113543892,-6.73352447483,NA,25,0,1,1.75523830625,21.09,0.505,-0.874074299425221,-0.564869462898634,-1.01998855266696,NA,-1.40710491170405,1.01998855266696,-0.1396517365523,-0.420396886154105,0.0729571266208672,-0.193558179518548,-1.14058960556464
"187","Paraguay","Americas","South America","PRY","PRY",50.780280817,-0.682554218793,10.5,27,0,0,1.74768984725,60.85,0.679,-0.774586167783326,-0.154360766620449,-1.02339346057136,-0.610511060464676,-0.11286685913991,1.02339346057136,0.0314821753891954,0.0453134778827084,0.124403646394018,0.455263300715725,-0.443726513461618
"188","Parma",NA,NA,NA,NA,NA,NA,NA,NA,0,0,NA,NA,NA,NA,NA,NA,NA,NA,NA,NA,NA,NA,NA,NA
"189","Peru","Americas","South America","PER","PER",53.0641657748,-1.24607326072,9.1,36,0,0,3.426786538,385.38,0.734,-0.326889575394798,-0.192590911116464,-0.265997865709304,-0.729802139677504,0.056341639864334,0.265997865709304,-0.0844942069339862,-0.00151668994038669,-0.0304458548427471,0.161169752786819,-0.135273967765232
"190","Philippines","Asia","South-Eastern Asia","PHL","PHL",49.5768963158,0.421881549026,20.1,35,0,0,4.45976907425,742.25,0.668,-0.376633641215745,-0.0794338593665191,0.199952920112162,0.207484911280432,-0.202023226004013,-0.199952920112162,-0.218673473564809,-0.259536595777307,-0.288293280663954,-0.200988073058087,-0.289328433609879
"191","Pitcairn","Oceania","Polynesia","PCN","PCN",NA,NA,NA,NA,0,0,NA,NA,NA,NA,NA,NA,NA,NA,NA,NA,NA,NA,NA,NA
"192","Poland","Europe","Eastern Europe","POL","POL",71.0480566611,9.68987950282,NA,62,0,0,NA,1003.46,0.843,0.966456135949838,0.549323777200121,NA,NA,1.38873238605069,NA,NA,NA,NA,NA,1.17759426100026
"193","Portugal","Europe","Southern Europe","PRT","PRT",66.9781983299,4.81764952239,NA,63,0,0,NA,288.55,0.83,1.01620020177079,0.21878293951573,NA,NA,1.08720466810222,NA,NA,NA,NA,NA,1.0517024349365
"194","Puerto Rico","Americas","Caribbean","PRI","PRI",NA,NA,NA,NA,0,0,NA,NA,NA,NA,NA,NA,NA,NA,NA,NA,NA,NA,NA,NA
"195","Qatar","Asia","Western Asia","QAT","QAT",58.4715301635,-19.6859018053,NA,71,0,0,0.625,324.17,0.85,1.41415272833837,-1.44358201752235,-1.52980881436715,NA,0.456962524316541,1.52980881436715,0.500126508394392,1.13364135567402,1.47198077135276,0.993385669341847,0.935557626327453
"196","Republic of Vietnam",NA,NA,NA,NA,NA,NA,NA,NA,0,0,NA,551.26,NA,NA,NA,NA,NA,NA,NA,NA,NA,NA,NA,NA
"197","Reunion","Africa","Eastern Africa","REU","REU",NA,NA,NA,NA,0,0,NA,NA,NA,NA,NA,NA,NA,NA,NA,NA,NA,NA,NA,NA
"198","Romania","Europe","Eastern Europe","ROU","ROM",59.3009525579,0.370234428337,5.3,46,0,0,NA,411.08,0.793,0.170551082814677,-0.0829376928483332,NA,-1.05359221182661,0.518412781658802,NA,NA,NA,NA,NA,0.34448193223674
"199","Russian Federation","Europe","Eastern Europe","RUS","RUS",66.8969994838,5.80489434498,6.6,29,0,0,6.7981552925,3473.78,0.798,-0.675098036141431,0.28575940244322,1.25473638228289,-0.942821923986126,1.08118880691686,-1.25473638228289,-0.548025005327033,-0.282881870502488,-0.96491720921216,-0.0867737876830166,0.203045385387713
"200","Rwanda","Africa","Eastern Africa","RWA","RWA",42.5496129723,7.09037799242,30.3,54,0,1,4.375,20.32,0.483,0.568503609382258,0.37296892320909,0.161715858618814,1.07660563125961,-0.722660687435767,-0.161715858618814,0.259918891324178,-0.105290978890774,0.203393875381722,-0.442188273027291,-0.0770785390267546
"201","Saint Barthelemy","Americas","Caribbean","BLM","BLM",NA,NA,NA,NA,0,0,NA,NA,NA,NA,NA,NA,NA,NA,NA,NA,NA,NA,NA,NA
"202","Saint Helena, Ascension and Tristan da Cunha","Africa","Western Africa","SHN","SHN",NA,NA,NA,NA,0,0,NA,NA,NA,NA,NA,NA,NA,NA,NA,NA,NA,NA,NA,NA
"203","Saint Kitts and Nevis","Americas","Caribbean","KNA","KNA",54.3144193818,-6.06995516018,NA,NA,0,0,NA,NA,0.752,NA,-0.519851728102234,NA,NA,0.148970445659743,NA,NA,NA,NA,NA,NA
"204","Saint Lucia","Americas","Caribbean","LCA","LCA",57.7032155698,4.7556901851,NA,NA,0,0,NA,NA,0.729,NA,0.214579506727773,NA,NA,0.400039622521933,NA,NA,NA,NA,NA,NA
"205","Saint Martin (French part)","Americas","Caribbean","MAF","MAF",NA,NA,NA,NA,0,0,NA,NA,NA,NA,NA,NA,NA,NA,NA,NA,NA,NA,NA,NA
"206","Saint Pierre and Miquelon","Americas","Northern America","SPM","SPM",NA,NA,NA,NA,0,0,NA,NA,NA,NA,NA,NA,NA,NA,NA,NA,NA,NA,NA,NA
"207","Saint Vincent and the Grenadines","Americas","Caribbean","VCT","VCT",56.5104726031,3.35649438416,NA,NA,0,0,NA,NA,0.72,NA,0.119655549118043,NA,NA,0.311671665806816,NA,NA,NA,NA,NA,NA
"208","Samoa","Oceania","Polynesia","WSM","WSM",47.0546188854,-0.316004066755,NA,NA,0,0,NA,1.03,0.702,NA,-0.129493345584366,NA,NA,-0.388893749675827,NA,NA,NA,NA,NA,NA
"209","San Marino","Europe","Southern Europe","SMR","SMR",NA,NA,NA,NA,0,0,NA,1.95,NA,NA,NA,NA,NA,NA,NA,NA,NA,NA,NA,NA
"210","Sao Tome and Principe","Africa","Middle Africa","STP","STP",38.900921596,-2.97299165277,NA,42,0,1,NA,NA,0.555,-0.0284251804691128,-0.30974815825249,NA,NA,-0.992984982451118,NA,NA,NA,NA,NA,-0.510705081460116
"211","Saudi Arabia","Asia","Western Asia","SAU","SAU",58.4521683232,-9.83537265379,5.1,52,0,0,4.9352081925,1681.18,0.837,0.469015477740363,-0.775304417644501,0.41441078651818,-1.0706337945713,0.455528044035941,-0.41441078651818,-0.240233242140773,0.170044245086041,0.0273023456110911,0.0205586287588804,0.462271760888152
"212","Saxony",NA,NA,NA,NA,NA,NA,NA,NA,0,0,NA,NA,NA,NA,NA,NA,NA,NA,NA,NA,NA,NA,NA,NA
"213","Senegal","Africa","Western Africa","SEN","SEN",40.6322584687,2.09860436934,23.2,44,0,1,4.588124013,36.3,0.466,0.0710629511727823,0.0343180299772207,0.257850398990889,0.471629443823123,-0.864713673294432,-0.257850398990889,-0.0508231392802955,-0.35050037370418,-0.0933937239090536,-0.561282036142661,-0.396825361060825
"214","Serbia","Europe","Southern Europe","SRB","SRB",58.3105798142,2.98970842981,7.1,40,0,0,2.73607514925,97.27,0.771,-0.127913312111008,0.0947721308293569,-0.577559293971445,-0.900217967124402,0.445038032705766,0.577559293971445,0.181472704229931,0.298228004855401,0.224822990930218,0.511298663338605,0.158562360297379
"215","Seychelles","Africa","Eastern Africa","SYC","SYC",54.7002712879,-7.08070225065,NA,55,0,0,NA,2.53,0.772,0.618247675203205,-0.58842262711828,NA,NA,0.177557446789607,NA,NA,NA,NA,NA,0.397902560996406
"216","Sierra Leone","Africa","Western Africa","SLE","SLE",36.445979774,-0.870195639285,38.9,29,1,1,1.417072798,9.83,0.413,-0.675098036141431,-0.167090697794232,-1.17252596620235,1.80939368928127,-1.17486674467591,1.17252596620235,0.110112410755561,-0.225812938204999,0.248713965030458,-0.00117038923678348,-0.924982390408672
"217","Singapore","Asia","South-Eastern Asia","SGP","SGP",77.9813707365,5.24826110234,NA,85,0,0,1.3261416765,468.91,0.912,2.11056964983163,0.247996402945203,-1.21354256235155,NA,1.90240785110279,1.21354256235155,1.19070287170946,1.74217335442866,1.66205610609159,1.55797520672717,2.00648875046721
"218","Sint Maarten (Dutch part)","Americas","Caribbean","SXM","SXM",NA,NA,NA,NA,0,0,NA,NA,NA,NA,NA,NA,NA,NA,NA,NA,NA,NA,NA,NA
"219","Slovakia","Europe","Eastern Europe","SVK","SVK",64.8533932738,2.58363843023,5.2,51,0,0,NA,159.59,0.844,0.419271411919415,0.067223612315494,NA,-1.06211300319895,0.929782082962184,NA,NA,NA,NA,NA,0.674526747440799
"220","Slovenia","Europe","Southern Europe","SVN","SVN",72.4059992465,9.53875210054,NA,60,0,0,NA,63.6,0.88,0.866968004307943,0.53907102264064,NA,NA,1.48933965430417,NA,NA,NA,NA,NA,1.17815382930605
"221","Solomon Islands","Oceania","Melanesia","SLB","SLB",37.0340397876,-0.801295938413,NA,NA,1,1,0.9090979415,1.14,0.506,NA,-0.162416418268448,-1.40165983367601,NA,-1.13129854659928,1.40165983367601,NA,NA,NA,0.135180643538367,NA
"222","Somalia","Africa","Eastern Africa","SOM","SOM",NA,NA,NA,8,1,1,7.81531143475,NA,NA,-1.71972341838133,NA,1.71354830518825,NA,NA,-1.71354830518825,NA,NA,-1.71663586178479,NA,NA
"223","South Africa","Africa","Southern Africa","ZAF","ZAF",53.2007792931,-1.91504984357,12.4,44,0,0,3.439233993,724.01,0.666,0.0710629511727823,-0.237975484704874,-0.260383151776402,-0.448616024390123,0.0664630640176321,0.260383151776402,0.0311568727481033,0.132636388988939,0.165723051474592,0.163423107897017,0.0687630075952072
"224","South Georgia and the South Sandwich Islands",NA,NA,"SGS","SGS",NA,NA,NA,NA,0,0,NA,NA,NA,NA,NA,NA,NA,NA,NA,NA,NA,NA,NA,NA
"225","South Sudan","Africa","Northern Africa","SSD","SSD",NA,NA,NA,NA,1,1,9.35312517375,22.46,0.467,NA,NA,2.40721494038166,NA,NA,-2.40721494038166,NA,NA,NA,NA,NA
"226","Spain","Europe","Southern Europe","ESP","ESP",67.1939878151,2.99318831613,NA,58,0,0,NA,1636.28,0.876,0.767479872666048,0.0950082125709576,NA,NA,1.10319208233991,NA,NA,NA,NA,NA,0.93533597750298
"227","Sri Lanka","Asia","Southern Asia","LKA","LKA",50.0973498436,-2.9730140479,25.5,37,0,0,2.8522519225,234.71,0.757,-0.27714550957385,-0.309749677578355,-0.525155059736706,0.667607645387055,-0.1634638581428,0.525155059736706,-0.0205800424718333,0.0281818973400185,0.124004775081428,0.180845600796953,-0.220304683858325
"228","Sudan","Africa","Northern Africa","SDN","SDN",30.2909798411,-13.7143545537,NA,15,1,1,9.35312517375,167.42,0.479,-1.3715149576347,-1.03846152059507,2.40721494038166,NA,-1.63087846122947,-2.40721494038166,-1.60573047287048,-1.80320278641528,-1.88936494900818,-2.01904670080557,-1.50119670943208
"229","South Sudan","Africa","Northern Africa","SDN","SDN",30.2909798411,-13.7143545537,NA,12,1,1,9.35312517375,22.46,0.467,-1.52074715509754,-1.03846152059507,2.40721494038166,NA,-1.63087846122947,-2.40721494038166,-1.65547453869142,-1.85294685223622,-1.9639810477396,-2.01904670080557,-1.57581280816351
"230","Suriname","Americas","South America","SUR","SUR",49.5186970379,-7.82726204007,10.4,36,0,0,2.023800154,9.21,0.714,-0.326889575394798,-0.639070584864025,-0.898847488215802,-0.619031851837021,-0.206335094875936,0.898847488215802,-0.022370890681007,0.121874272648356,0.285978956410502,0.346256196669933,-0.266612335135367
"231","Svalbard and Jan Mayen","Europe","Northern Europe","SJM","SJM",NA,NA,NA,NA,0,0,NA,NA,NA,NA,NA,NA,NA,NA,NA,NA,NA,NA,NA,NA
"232","Swaziland","Africa","Southern Africa","SWZ","SWZ",39.5262739481,-8.7123435602,26,NA,0,0,3.37021582275,10.87,0.531,NA,-0.699116105756478,-0.291515401872994,0.71021160224878,-0.94665386910575,0.291515401872994,NA,NA,NA,-0.327569233616378,NA
"233","Sweden","Europe","Northern Europe","SWE","SWE",78.7476115561,11.5840966041,NA,89,0,0,NA,467.45,0.907,2.30954591311542,0.677830869420332,NA,NA,1.95917711109441,NA,NA,NA,NA,NA,2.13436151210492
"234","Switzerland","Europe","Western Europe","CHE","CHE",78.5110503296,9.22893049915,NA,86,0,0,1.00893078225,482.73,0.93,2.16031371565258,0.518052168426551,-1.35662791012857,NA,1.94165075981216,1.35662791012857,1.34499793140257,1.81953079519777,1.75847081289058,1.64913933497036,2.05098223773237
"235","Syrian Arab Republic","Asia","Western Asia","SYR","SYR",41.7513755728,98.5073889877,NA,18,0,1,9.12040359575,NA,0.594,-1.22228276017185,6.57486323327946,2.3022404627488,NA,-0.781800510462822,-2.3022404627488,1.01678000345293,-1.43544124446116,-1.76226161146033,-1.54202048660581,-1.00204163531734
"236","Taiwan, Province of China",NA,NA,"TWN","TWN",NA,NA,NA,62,0,0,NA,1113.79,NA,0.966456135949838,NA,NA,NA,NA,NA,NA,NA,NA,NA,NA
"237","Tajikistan","Asia","Central Asia","TJK","TJK",47.3767289996,7.31484990104,30.3,26,0,1,5.36406890525,23.3,0.624,-0.824330233604273,0.388197500884999,0.607858380355773,1.07660563125961,-0.36502925126853,-0.607858380355773,-0.347997037691682,-0.599072621742859,-0.716094306980023,-0.486443815812152,-0.594679742436402
"238","Tanzania, United Republic of","Africa","Eastern Africa","TZA","TZA",40.1369884278,0.434779182762,28.7,30,0,1,3.85309613225,138.3,0.521,-0.625353970320483,-0.0785588607157231,-0.0737010131747673,0.940272969302091,-0.901407246644636,0.0737010131747673,-0.210070605953813,-0.484353401263451,-0.275826478572858,-0.413853116734934,-0.763380608482559
"239","Thailand","Asia","South-Eastern Asia","THA","THA",58.3931841836,2.23596830206,11.9,38,0,0,4.25,1107,0.726,-0.227401443752903,0.0436370460276257,0.105331702852615,-0.491219981251848,0.451158026319993,-0.105331702852615,-0.0963653668592975,0.039474959904825,-0.166366573302759,0.172913161733689,0.111878291283545
"240","Timor-Leste","Asia","South-Eastern Asia","TLS","TMP",39.4739490332,1.0018132891,40.7,28,1,0,1.63393078225,7.48,0.595,-0.724842101962378,-0.0400902479331957,-1.07470713129758,1.96276793398348,-0.950530518093921,1.07470713129758,0.103258260467335,-0.20022182958624,0.1749325146676,0.0620883066018288,-0.837686310028149
"241","Togo","Africa","Western Africa","TGO","TGO",37.8167400585,3.79075302282,23,32,1,1,1.94031143475,10.82,0.484,-0.525865838678588,0.149116435564477,-0.936507015823101,0.454587861078433,-1.07330983856174,0.936507015823101,0.186585870902997,-0.220889553805741,0.205320588572257,-0.0684014113693174,-0.799587838620162
"242","Tokelau","Oceania","Polynesia","TKL","TKL",NA,NA,NA,NA,0,0,NA,NA,NA,NA,NA,NA,NA,NA,NA,NA,NA,NA,NA,NA
"243","Tonga","Oceania","Polynesia","TON","TON",45.8372692068,-0.527509211719,NA,NA,0,0,NA,0.52,0.717,NA,-0.143842234711473,NA,NA,-0.479084768788114,NA,NA,NA,NA,NA,NA
"244","Trinidad and Tobago","Americas","Caribbean","TTO","TTO",54.8054168554,-8.47925465328,8.3,39,0,0,1.8220515225,44.33,0.772,-0.177657377931955,-0.683302935430417,-0.989850898328709,-0.797968470656263,0.185347472987232,0.989850898328709,0.0429635283221122,0.332513664461329,0.406096760198377,0.587599185657971,0.00384504752763815
"245","Tunisia","Africa","Northern Africa","TUN","TUN",52.8844200531,-0.849825409366,5.6,38,0,0,5.26219409225,127.21,0.721,-0.227401443752903,-0.16570874478949,0.561905377757018,-1.02802983770957,0.043024636454237,-0.561905377757018,-0.318338522099804,-0.248760728351895,-0.39465341075496,-0.25944037065139,-0.0921884036493329
"246","Turkey","Asia","Western Asia","TUR","TUR",60.2723994,1.19320151702,5.1,42,0,0,5.9429952925,1576.29,0.761,-0.0284251804691128,-0.0271061266101655,0.868996585122707,-1.0706337945713,0.590385348163419,-0.868996585122707,-0.308175964067329,-0.102345472476134,-0.44871088279591,-0.139305618479644,0.280980083847153
"247","Turkmenistan","Asia","Central Asia","TKM","TKM",40.2760879114,-16.4668975442,12.9,18,0,0,5.3576747945,90.29,0.688,-1.22228276017185,-1.22519898362465,0.604974168063659,-0.406012067528399,-0.891101642261264,-0.604974168063659,-1.01748530395339,-0.906119523498925,-0.913628464117756,-0.748037905162461,-1.05669220121656
"248","Turks and Caicos Islands","Americas","Caribbean","TCA","TCA",NA,NA,NA,NA,0,0,NA,NA,NA,NA,NA,NA,NA,NA,NA,NA,NA,NA,NA,NA
"249","Tuscany",NA,NA,NA,NA,NA,NA,NA,NA,0,0,NA,NA,NA,NA,NA,NA,NA,NA,NA,NA,NA,NA,NA,NA
"250","Tuvalu","Oceania","Polynesia","TUV","TUV",NA,NA,NA,NA,1,0,NA,0.04,NA,NA,NA,NA,NA,NA,NA,NA,NA,NA,NA,NA
"251","Two Sicilies",NA,NA,NA,NA,NA,NA,NA,NA,0,0,NA,NA,NA,NA,NA,NA,NA,NA,NA,NA,NA,NA,NA,NA
"252","Uganda","Africa","Eastern Africa","UGA","UGA",36.9395156799,0.894867816094,27.6,25,0,1,7.1590979415,79.75,0.483,-0.874074299425221,-0.0473456210120414,1.41754795463393,0.846544264206298,-1.13830164994256,-1.41754795463393,-0.779655958357065,-1.14330796800057,-1.14581112702958,-1.27792480228825,-1.00618797468389
"253","Ukraine","Europe","Eastern Europe","UKR","UKR",57.5543529897,6.34009509591,2.5,27,0,0,7.03247506175,341.49,0.747,-0.774586167783326,0.322068383187619,1.36043176123082,-1.29217437025227,0.389010689715753,-1.36043176123082,-0.60431651527551,-0.582002413099465,-1.06750896450707,-0.485710535757535,-0.192787739033786
"254","United Arab Emirates","Asia","Western Asia","ARE","ARE",62.5184004438,-8.05780182504,NA,70,0,0,2.1590979415,641.88,0.835,1.36440866251742,-0.654710818176008,-0.837818276014025,NA,0.756787103245447,0.837818276014025,0.515838706785145,0.98633801392563,1.10111346926572,0.797302689629736,1.06059788288143
"255","United Kingdom","Europe","Northern Europe","GBR","GBR",79.0069065953,13.3451027194,NA,81,0,0,NA,2659.73,0.907,1.91159338654784,0.797300688960177,NA,NA,1.97838776539311,NA,NA,NA,NA,NA,1.94499057597047
"256","United States","Americas","Northern America","USA","USA",76.5454787666,7.77365110773,NA,76,0,0,4.23795125325,17968.2,0.915,1.6628730574431,0.419323399251672,0.0998968355442996,NA,1.79602546781801,-0.0998968355442996,0.660766540383492,1.11966722990561,0.781488110949402,0.848064316136857,1.72944926263056
"257","United States Minor Outlying Islands",NA,NA,"UMI","UMI",NA,NA,NA,NA,0,0,NA,NA,NA,NA,NA,NA,NA,NA,NA,NA,NA,NA,NA,NA
"258","Uruguay","Americas","South America","URY","URY",61.2269315158,1.62452375709,5.7,74,0,0,1.285041023,74.19,0.793,1.56338492580121,0.00215554927896472,-1.23208196754385,-1.01950904633723,0.66110473620188,1.23208196754385,0.932540814208007,1.15219054318231,1.39773344667253,0.946593351872864,1.11224483100154
"259","Uzbekistan","Asia","Central Asia","UZB","UZB",47.6711916662,0.661269191887,13.3,19,0,1,5.98906890525,185.82,0.675,-1.17253869435091,-0.0631933714748569,0.889779159186768,-0.37192890203902,-0.343213097325221,-0.889779159186768,-0.708503741670844,-0.801843650287631,-1.03115892676884,-0.616496128255994,-0.757875895838063
"260","Vanuatu","Oceania","Melanesia","VUT","VUT",42.6611770297,1.46802570793,NA,NA,0,0,NA,0.68,0.594,NA,-0.00846155961636581,NA,NA,-0.714395128073415,NA,NA,NA,NA,NA,NA
"261","Venezuela, Bolivarian Republic of","Americas","South America","VEN","VEN",48.4470016971,-9.50125112869,7,17,0,0,4.4970919415,491.59,0.762,-1.2720268259928,-0.752637012936895,0.216788266997483,-0.908738758496747,-0.28573487348006,-0.216788266997483,-0.747150701975726,-0.591516655490115,-0.744407546495142,-0.251261570238772,-0.77888084973643
"262","Viet Nam","Asia","South-Eastern Asia","VNM","VNM",49.7451585817,2.64488159318,14.7,31,0,0,1.722013616,NA,0.666,-0.575609904499536,0.0713784585491991,-1.03497532154967,-0.252637822826191,-0.189557009019329,1.03497532154967,0.176914625199779,0.0899361360102695,0.229682708525069,0.422709156265172,-0.382583456759432
"263","Virgin Islands, British","Americas","Caribbean","VGB","VGB",NA,NA,NA,NA,0,0,NA,NA,NA,NA,NA,NA,NA,NA,NA,NA,NA,NA,NA,NA
"264","Virgin Islands, U.S.","Americas","Caribbean","VIR","VIR",NA,NA,NA,NA,0,0,NA,NA,NA,NA,NA,NA,NA,NA,NA,NA,NA,NA,NA,NA
"265","Wallis and Futuna","Oceania","Polynesia","WLF","WLF",NA,NA,NA,NA,0,0,NA,NA,NA,NA,NA,NA,NA,NA,NA,NA,NA,NA,NA,NA
"266","Western Sahara","Africa","Northern Africa","ESH","ESH",NA,NA,NA,NA,0,0,NA,NA,NA,NA,NA,NA,NA,NA,NA,NA,NA,NA,NA,NA
"267","Wuerttemburg",NA,NA,NA,NA,NA,NA,NA,NA,0,0,NA,NA,NA,NA,NA,NA,NA,NA,NA,NA,NA,NA,NA,NA
"268","Yemen","Asia","Western Asia","YEM","YEM",31.8582162947,-11.5947270336,NA,18,1,1,6.44517536625,75.52,0.498,-1.22228276017185,-0.894662180480396,1.09551658113072,NA,-1.51476502609663,-1.09551658113072,-1.07082050726099,-1.27752145579973,-1.15889967065129,-1.30514080361367,-1.36852389313424
"269","Yemen Arab Republic",NA,NA,NA,NA,NA,NA,NA,NA,0,0,NA,NA,NA,NA,NA,NA,NA,NA,NA,NA,NA,NA,NA,NA
"270","Yemen People's Republic",NA,NA,"YMD",NA,NA,NA,34.2,NA,0,0,NA,NA,NA,NA,NA,NA,1.40891649478106,NA,NA,NA,NA,NA,NA,NA
"271","Yugoslavia",NA,NA,"YUG","YUG",NA,NA,NA,NA,0,0,NA,NA,0.747,NA,NA,NA,NA,NA,NA,NA,NA,NA,NA,NA
"272","Zambia","Africa","Eastern Africa","ZMB","ZMB",42.1570134474,-1.45396892617,41.1,38,0,0,4.76219409225,64.65,0.586,-0.227401443752903,-0.2066949266668,0.336368754692222,1.99685109947286,-0.751747606236659,-0.336368754692222,-0.256821708370642,-0.438505934893928,-0.281885099222562,-0.544058180464441,-0.489574524994781
"273","Zanzibar",NA,NA,"EAZ",NA,NA,NA,NA,NA,0,0,NA,NA,NA,NA,NA,NA,NA,NA,NA,NA,NA,NA,NA,NA
"274","Zimbabwe","Africa","Eastern Africa","ZWE","ZWE",37.4698422824,1.34939896929,30.8,21,1,1,2.3983899795,27.92,0.509,-1.07305056270901,-0.0165094107480508,-0.729880039660399,1.11920958812133,-1.0990108055922,0.729880039660399,-0.119893311265554,-0.480727109546937,-0.171585261524306,-0.184565382965901,-1.08603068415061
